Date,Time,Date Time,Direction,Intersection,Bike Traffic,
6/8/2016,12:00 AM,6/8/2016 12:00 AM,Southbound,6,7,
6/8/2016,01:00 AM,6/8/2016 01:00 AM,Southbound,6,4,
6/8/2016,02:00 AM,6/8/2016 02:00 AM,Southbound,6,0,
6/8/2016,03:00 AM,6/8/2016 03:00 AM,Southbound,6,0,
6/8/2016,04:00 AM,6/8/2016 04:00 AM,Southbound,6,3,
6/8/2016,05:00 AM,6/8/2016 05:00 AM,Southbound,6,13,
6/8/2016,06:00 AM,6/8/2016 06:00 AM,Southbound,6,34,
6/8/2016,07:00 AM,6/8/2016 07:00 AM,Southbound,6,85,
6/8/2016,08:00 AM,6/8/2016 08:00 AM,Southbound,6,180,
6/8/2016,09:00 AM,6/8/2016 09:00 AM,Southbound,6,150,
6/8/2016,10:00 AM,6/8/2016 10:00 AM,Southbound,6,77,
6/8/2016,11:00 AM,6/8/2016 11:00 AM,Southbound,6,58,
6/8/2016,12:00 PM,6/8/2016 12:00 PM,Southbound,6,48,
6/8/2016,01:00 PM,6/8/2016 01:00 PM,Southbound,6,50,
6/8/2016,02:00 PM,6/8/2016 02:00 PM,Southbound,6,49,
6/8/2016,03:00 PM,6/8/2016 03:00 PM,Southbound,6,71,
6/8/2016,04:00 PM,6/8/2016 04:00 PM,Southbound,6,129,
6/8/2016,05:00 PM,6/8/2016 05:00 PM,Southbound,6,210,
6/8/2016,06:00 PM,6/8/2016 06:00 PM,Southbound,6,177,
6/8/2016,07:00 PM,6/8/2016 07:00 PM,Southbound,6,106,
6/8/2016,08:00 PM,6/8/2016 08:00 PM,Southbound,6,73,
6/8/2016,09:00 PM,6/8/2016 09:00 PM,Southbound,6,56,
6/8/2016,10:00 PM,6/8/2016 10:00 PM,Southbound,6,25,
6/8/2016,11:00 PM,6/8/2016 11:00 PM,Southbound,6,11,
6/9/2016,12:00 AM,6/9/2016 12:00 AM,Southbound,6,19,
6/9/2016,01:00 AM,6/9/2016 01:00 AM,Southbound,6,2,
6/9/2016,02:00 AM,6/9/2016 02:00 AM,Southbound,6,1,
6/9/2016,03:00 AM,6/9/2016 03:00 AM,Southbound,6,0,
6/9/2016,04:00 AM,6/9/2016 04:00 AM,Southbound,6,2,
6/9/2016,05:00 AM,6/9/2016 05:00 AM,Southbound,6,11,
6/9/2016,06:00 AM,6/9/2016 06:00 AM,Southbound,6,43,
6/9/2016,07:00 AM,6/9/2016 07:00 AM,Southbound,6,82,
6/9/2016,08:00 AM,6/9/2016 08:00 AM,Southbound,6,213,
6/9/2016,09:00 AM,6/9/2016 09:00 AM,Southbound,6,139,
6/9/2016,10:00 AM,6/9/2016 10:00 AM,Southbound,6,80,
6/9/2016,11:00 AM,6/9/2016 11:00 AM,Southbound,6,57,
6/9/2016,12:00 PM,6/9/2016 12:00 PM,Southbound,6,62,
6/9/2016,01:00 PM,6/9/2016 01:00 PM,Southbound,6,46,
6/9/2016,02:00 PM,6/9/2016 02:00 PM,Southbound,6,58,
6/9/2016,03:00 PM,6/9/2016 03:00 PM,Southbound,6,72,
6/9/2016,04:00 PM,6/9/2016 04:00 PM,Southbound,6,140,
6/9/2016,05:00 PM,6/9/2016 05:00 PM,Southbound,6,218,
6/9/2016,06:00 PM,6/9/2016 06:00 PM,Southbound,6,195,
6/9/2016,07:00 PM,6/9/2016 07:00 PM,Southbound,6,98,
6/9/2016,08:00 PM,6/9/2016 08:00 PM,Southbound,6,58,
6/9/2016,09:00 PM,6/9/2016 09:00 PM,Southbound,6,53,
6/9/2016,10:00 PM,6/9/2016 10:00 PM,Southbound,6,39,
6/9/2016,11:00 PM,6/9/2016 11:00 PM,Southbound,6,13,
6/10/2016,12:00 AM,6/10/2016 12:00 AM,Southbound,6,15,
6/10/2016,01:00 AM,6/10/2016 01:00 AM,Southbound,6,3,
6/10/2016,02:00 AM,6/10/2016 02:00 AM,Southbound,6,4,
6/10/2016,03:00 AM,6/10/2016 03:00 AM,Southbound,6,3,
6/10/2016,04:00 AM,6/10/2016 04:00 AM,Southbound,6,2,
6/10/2016,05:00 AM,6/10/2016 05:00 AM,Southbound,6,10,
6/10/2016,06:00 AM,6/10/2016 06:00 AM,Southbound,6,32,
6/10/2016,07:00 AM,6/10/2016 07:00 AM,Southbound,6,76,
6/10/2016,08:00 AM,6/10/2016 08:00 AM,Southbound,6,177,
6/10/2016,09:00 AM,6/10/2016 09:00 AM,Southbound,6,126,
6/10/2016,10:00 AM,6/10/2016 10:00 AM,Southbound,6,60,
6/10/2016,11:00 AM,6/10/2016 11:00 AM,Southbound,6,67,
6/10/2016,12:00 PM,6/10/2016 12:00 PM,Southbound,6,62,
6/10/2016,01:00 PM,6/10/2016 01:00 PM,Southbound,6,65,
6/10/2016,02:00 PM,6/10/2016 02:00 PM,Southbound,6,77,
6/10/2016,03:00 PM,6/10/2016 03:00 PM,Southbound,6,108,
6/10/2016,04:00 PM,6/10/2016 04:00 PM,Southbound,6,121,
6/10/2016,05:00 PM,6/10/2016 05:00 PM,Southbound,6,200,
6/10/2016,06:00 PM,6/10/2016 06:00 PM,Southbound,6,181,
6/10/2016,07:00 PM,6/10/2016 07:00 PM,Southbound,6,184,
6/10/2016,08:00 PM,6/10/2016 08:00 PM,Southbound,6,78,
6/10/2016,09:00 PM,6/10/2016 09:00 PM,Southbound,6,38,
6/10/2016,10:00 PM,6/10/2016 10:00 PM,Southbound,6,29,
6/10/2016,11:00 PM,6/10/2016 11:00 PM,Southbound,6,27,
6/11/2016,12:00 AM,6/11/2016 12:00 AM,Southbound,6,17,
6/11/2016,01:00 AM,6/11/2016 01:00 AM,Southbound,6,12,
6/11/2016,02:00 AM,6/11/2016 02:00 AM,Southbound,6,7,
6/11/2016,03:00 AM,6/11/2016 03:00 AM,Southbound,6,2,
6/11/2016,04:00 AM,6/11/2016 04:00 AM,Southbound,6,3,
6/11/2016,05:00 AM,6/11/2016 05:00 AM,Southbound,6,3,
6/11/2016,06:00 AM,6/11/2016 06:00 AM,Southbound,6,6,
6/11/2016,07:00 AM,6/11/2016 07:00 AM,Southbound,6,22,
6/11/2016,08:00 AM,6/11/2016 08:00 AM,Southbound,6,36,
6/11/2016,09:00 AM,6/11/2016 09:00 AM,Southbound,6,49,
6/11/2016,10:00 AM,6/11/2016 10:00 AM,Southbound,6,76,
6/11/2016,11:00 AM,6/11/2016 11:00 AM,Southbound,6,92,
6/11/2016,12:00 PM,6/11/2016 12:00 PM,Southbound,6,116,
6/11/2016,01:00 PM,6/11/2016 01:00 PM,Southbound,6,36,
6/11/2016,02:00 PM,6/11/2016 02:00 PM,Southbound,6,42,
6/11/2016,03:00 PM,6/11/2016 03:00 PM,Southbound,6,46,
6/11/2016,04:00 PM,6/11/2016 04:00 PM,Southbound,6,47,
6/11/2016,05:00 PM,6/11/2016 05:00 PM,Southbound,6,41,
6/11/2016,06:00 PM,6/11/2016 06:00 PM,Southbound,6,46,
6/11/2016,07:00 PM,6/11/2016 07:00 PM,Southbound,6,29,
6/11/2016,08:00 PM,6/11/2016 08:00 PM,Southbound,6,34,
6/11/2016,09:00 PM,6/11/2016 09:00 PM,Southbound,6,26,
6/11/2016,10:00 PM,6/11/2016 10:00 PM,Southbound,6,18,
6/11/2016,11:00 PM,6/11/2016 11:00 PM,Southbound,6,8,
9/27/2016,12:00 AM,9/27/2016 12:00 AM,Southbound,6,6,
9/27/2016,01:00 AM,9/27/2016 01:00 AM,Southbound,6,1,
9/27/2016,02:00 AM,9/27/2016 02:00 AM,Southbound,6,1,
9/27/2016,03:00 AM,9/27/2016 03:00 AM,Southbound,6,1,
9/27/2016,04:00 AM,9/27/2016 04:00 AM,Southbound,6,1,
9/27/2016,05:00 AM,9/27/2016 05:00 AM,Southbound,6,7,
9/27/2016,06:00 AM,9/27/2016 06:00 AM,Southbound,6,18,
9/27/2016,07:00 AM,9/27/2016 07:00 AM,Southbound,6,41,
9/27/2016,08:00 AM,9/27/2016 08:00 AM,Southbound,6,81,
9/27/2016,09:00 AM,9/27/2016 09:00 AM,Southbound,6,91,
9/27/2016,10:00 AM,9/27/2016 10:00 AM,Southbound,6,70,
9/27/2016,11:00 AM,9/27/2016 11:00 AM,Southbound,6,63,
9/27/2016,12:00 PM,9/27/2016 12:00 PM,Southbound,6,43,
9/27/2016,01:00 PM,9/27/2016 01:00 PM,Southbound,6,51,
9/27/2016,02:00 PM,9/27/2016 02:00 PM,Southbound,6,69,
9/27/2016,03:00 PM,9/27/2016 03:00 PM,Southbound,6,75,
9/27/2016,04:00 PM,9/27/2016 04:00 PM,Southbound,6,87,
9/27/2016,05:00 PM,9/27/2016 05:00 PM,Southbound,6,133,
9/27/2016,06:00 PM,9/27/2016 06:00 PM,Southbound,6,136,
9/27/2016,07:00 PM,9/27/2016 07:00 PM,Southbound,6,62,
9/27/2016,08:00 PM,9/27/2016 08:00 PM,Southbound,6,36,
9/27/2016,09:00 PM,9/27/2016 09:00 PM,Southbound,6,19,
9/27/2016,10:00 PM,9/27/2016 10:00 PM,Southbound,6,27,
9/27/2016,11:00 PM,9/27/2016 11:00 PM,Southbound,6,10,
9/28/2016,12:00 AM,9/28/2016 12:00 AM,Southbound,6,4,
9/28/2016,01:00 AM,9/28/2016 01:00 AM,Southbound,6,0,
9/28/2016,02:00 AM,9/28/2016 02:00 AM,Southbound,6,1,
9/28/2016,03:00 AM,9/28/2016 03:00 AM,Southbound,6,1,
9/28/2016,04:00 AM,9/28/2016 04:00 AM,Southbound,6,0,
9/28/2016,05:00 AM,9/28/2016 05:00 AM,Southbound,6,8,
9/28/2016,06:00 AM,9/28/2016 06:00 AM,Southbound,6,22,
9/28/2016,07:00 AM,9/28/2016 07:00 AM,Southbound,6,99,
9/28/2016,08:00 AM,9/28/2016 08:00 AM,Southbound,6,209,
9/28/2016,09:00 AM,9/28/2016 09:00 AM,Southbound,6,120,
9/28/2016,10:00 AM,9/28/2016 10:00 AM,Southbound,6,60,
9/28/2016,11:00 AM,9/28/2016 11:00 AM,Southbound,6,45,
9/28/2016,12:00 PM,9/28/2016 12:00 PM,Southbound,6,49,
9/28/2016,01:00 PM,9/28/2016 01:00 PM,Southbound,6,36,
9/28/2016,02:00 PM,9/28/2016 02:00 PM,Southbound,6,73,
9/28/2016,03:00 PM,9/28/2016 03:00 PM,Southbound,6,71,
9/28/2016,04:00 PM,9/28/2016 04:00 PM,Southbound,6,108,
9/28/2016,05:00 PM,9/28/2016 05:00 PM,Southbound,6,186,
9/28/2016,06:00 PM,9/28/2016 06:00 PM,Southbound,6,92,
9/28/2016,07:00 PM,9/28/2016 07:00 PM,Southbound,6,33,
9/28/2016,08:00 PM,9/28/2016 08:00 PM,Southbound,6,43,
9/28/2016,09:00 PM,9/28/2016 09:00 PM,Southbound,6,44,
9/28/2016,10:00 PM,9/28/2016 10:00 PM,Southbound,6,22,
9/28/2016,11:00 PM,9/28/2016 11:00 PM,Southbound,6,4,
9/29/2016,12:00 AM,9/29/2016 12:00 AM,Southbound,6,7,
9/29/2016,01:00 AM,9/29/2016 01:00 AM,Southbound,6,0,
9/29/2016,02:00 AM,9/29/2016 02:00 AM,Southbound,6,0,
9/29/2016,03:00 AM,9/29/2016 03:00 AM,Southbound,6,0,
9/29/2016,04:00 AM,9/29/2016 04:00 AM,Southbound,6,0,
9/29/2016,05:00 AM,9/29/2016 05:00 AM,Southbound,6,1,
9/29/2016,06:00 AM,9/29/2016 06:00 AM,Southbound,6,30,
9/29/2016,07:00 AM,9/29/2016 07:00 AM,Southbound,6,88,
9/29/2016,08:00 AM,9/29/2016 08:00 AM,Southbound,6,183,
9/29/2016,09:00 AM,9/29/2016 09:00 AM,Southbound,6,150,
9/29/2016,10:00 AM,9/29/2016 10:00 AM,Southbound,6,59,
9/29/2016,11:00 AM,9/29/2016 11:00 AM,Southbound,6,50,
9/29/2016,12:00 PM,9/29/2016 12:00 PM,Southbound,6,47,
9/29/2016,01:00 PM,9/29/2016 01:00 PM,Southbound,6,42,
9/29/2016,02:00 PM,9/29/2016 02:00 PM,Southbound,6,69,
9/29/2016,03:00 PM,9/29/2016 03:00 PM,Southbound,6,45,
9/29/2016,04:00 PM,9/29/2016 04:00 PM,Southbound,6,126,
9/29/2016,05:00 PM,9/29/2016 05:00 PM,Southbound,6,205,
9/29/2016,06:00 PM,9/29/2016 06:00 PM,Southbound,6,151,
9/29/2016,07:00 PM,9/29/2016 07:00 PM,Southbound,6,86,
9/29/2016,08:00 PM,9/29/2016 08:00 PM,Southbound,6,16,
9/29/2016,09:00 PM,9/29/2016 09:00 PM,Southbound,6,34,
9/29/2016,10:00 PM,9/29/2016 10:00 PM,Southbound,6,25,
9/29/2016,11:00 PM,9/29/2016 11:00 PM,Southbound,6,12,
9/27/2016,12:00 AM,9/27/2016 12:00 AM,Southbound,451,3,
9/27/2016,01:00 AM,9/27/2016 01:00 AM,Southbound,451,0,
9/27/2016,02:00 AM,9/27/2016 02:00 AM,Southbound,451,0,
9/27/2016,03:00 AM,9/27/2016 03:00 AM,Southbound,451,2,
9/27/2016,04:00 AM,9/27/2016 04:00 AM,Southbound,451,1,
9/27/2016,05:00 AM,9/27/2016 05:00 AM,Southbound,451,5,
9/27/2016,06:00 AM,9/27/2016 06:00 AM,Southbound,451,10,
9/27/2016,07:00 AM,9/27/2016 07:00 AM,Southbound,451,14,
9/27/2016,08:00 AM,9/27/2016 08:00 AM,Southbound,451,16,
9/27/2016,09:00 AM,9/27/2016 09:00 AM,Southbound,451,15,
9/27/2016,10:00 AM,9/27/2016 10:00 AM,Southbound,451,16,
9/27/2016,11:00 AM,9/27/2016 11:00 AM,Southbound,451,10,
9/27/2016,12:00 PM,9/27/2016 12:00 PM,Southbound,451,15,
9/27/2016,01:00 PM,9/27/2016 01:00 PM,Southbound,451,13,
9/27/2016,02:00 PM,9/27/2016 02:00 PM,Southbound,451,13,
9/27/2016,03:00 PM,9/27/2016 03:00 PM,Southbound,451,26,
9/27/2016,04:00 PM,9/27/2016 04:00 PM,Southbound,451,36,
9/27/2016,05:00 PM,9/27/2016 05:00 PM,Southbound,451,43,
9/27/2016,06:00 PM,9/27/2016 06:00 PM,Southbound,451,29,
9/27/2016,07:00 PM,9/27/2016 07:00 PM,Southbound,451,30,
9/27/2016,08:00 PM,9/27/2016 08:00 PM,Southbound,451,24,
9/27/2016,09:00 PM,9/27/2016 09:00 PM,Southbound,451,17,
9/27/2016,10:00 PM,9/27/2016 10:00 PM,Southbound,451,10,
9/27/2016,11:00 PM,9/27/2016 11:00 PM,Southbound,451,3,
9/28/2016,12:00 AM,9/28/2016 12:00 AM,Southbound,451,3,
9/28/2016,01:00 AM,9/28/2016 01:00 AM,Southbound,451,3,
9/28/2016,02:00 AM,9/28/2016 02:00 AM,Southbound,451,0,
9/28/2016,03:00 AM,9/28/2016 03:00 AM,Southbound,451,1,
9/28/2016,04:00 AM,9/28/2016 04:00 AM,Southbound,451,2,
9/28/2016,05:00 AM,9/28/2016 05:00 AM,Southbound,451,7,
9/28/2016,06:00 AM,9/28/2016 06:00 AM,Southbound,451,18,
9/28/2016,07:00 AM,9/28/2016 07:00 AM,Southbound,451,26,
9/28/2016,08:00 AM,9/28/2016 08:00 AM,Southbound,451,48,
9/28/2016,09:00 AM,9/28/2016 09:00 AM,Southbound,451,20,
9/28/2016,10:00 AM,9/28/2016 10:00 AM,Southbound,451,15,
9/28/2016,11:00 AM,9/28/2016 11:00 AM,Southbound,451,19,
9/28/2016,12:00 PM,9/28/2016 12:00 PM,Southbound,451,14,
9/28/2016,01:00 PM,9/28/2016 01:00 PM,Southbound,451,18,
9/28/2016,02:00 PM,9/28/2016 02:00 PM,Southbound,451,18,
9/28/2016,03:00 PM,9/28/2016 03:00 PM,Southbound,451,24,
9/28/2016,04:00 PM,9/28/2016 04:00 PM,Southbound,451,48,
9/28/2016,05:00 PM,9/28/2016 05:00 PM,Southbound,451,57,
9/28/2016,06:00 PM,9/28/2016 06:00 PM,Southbound,451,39,
9/28/2016,07:00 PM,9/28/2016 07:00 PM,Southbound,451,32,
9/28/2016,08:00 PM,9/28/2016 08:00 PM,Southbound,451,13,
9/28/2016,09:00 PM,9/28/2016 09:00 PM,Southbound,451,7,
9/28/2016,10:00 PM,9/28/2016 10:00 PM,Southbound,451,8,
9/28/2016,11:00 PM,9/28/2016 11:00 PM,Southbound,451,5,
9/29/2016,12:00 AM,9/29/2016 12:00 AM,Southbound,451,5,
9/29/2016,01:00 AM,9/29/2016 01:00 AM,Southbound,451,6,
9/29/2016,02:00 AM,9/29/2016 02:00 AM,Southbound,451,0,
9/29/2016,03:00 AM,9/29/2016 03:00 AM,Southbound,451,1,
9/29/2016,04:00 AM,9/29/2016 04:00 AM,Southbound,451,2,
9/29/2016,05:00 AM,9/29/2016 05:00 AM,Southbound,451,7,
9/29/2016,06:00 AM,9/29/2016 06:00 AM,Southbound,451,13,
9/29/2016,07:00 AM,9/29/2016 07:00 AM,Southbound,451,30,
9/29/2016,08:00 AM,9/29/2016 08:00 AM,Southbound,451,40,
9/29/2016,09:00 AM,9/29/2016 09:00 AM,Southbound,451,28,
9/29/2016,10:00 AM,9/29/2016 10:00 AM,Southbound,451,19,
9/29/2016,11:00 AM,9/29/2016 11:00 AM,Southbound,451,15,
9/29/2016,12:00 PM,9/29/2016 12:00 PM,Southbound,451,15,
9/29/2016,01:00 PM,9/29/2016 01:00 PM,Southbound,451,17,
9/29/2016,02:00 PM,9/29/2016 02:00 PM,Southbound,451,15,
9/29/2016,03:00 PM,9/29/2016 03:00 PM,Southbound,451,23,
9/29/2016,04:00 PM,9/29/2016 04:00 PM,Southbound,451,32,
9/29/2016,05:00 PM,9/29/2016 05:00 PM,Southbound,451,55,
9/29/2016,06:00 PM,9/29/2016 06:00 PM,Southbound,451,44,
9/29/2016,07:00 PM,9/29/2016 07:00 PM,Southbound,451,30,
9/29/2016,08:00 PM,9/29/2016 08:00 PM,Southbound,451,29,
9/29/2016,09:00 PM,9/29/2016 09:00 PM,Southbound,451,8,
9/29/2016,10:00 PM,9/29/2016 10:00 PM,Southbound,451,9,
9/29/2016,11:00 PM,9/29/2016 11:00 PM,Southbound,451,8,
10/4/2017,12:00 AM,10/4/2017 12:00 AM,Southbound,451,4,
10/4/2017,01:00 AM,10/4/2017 01:00 AM,Southbound,451,0,
10/4/2017,02:00 AM,10/4/2017 02:00 AM,Southbound,451,1,
10/4/2017,03:00 AM,10/4/2017 03:00 AM,Southbound,451,2,
10/4/2017,04:00 AM,10/4/2017 04:00 AM,Southbound,451,3,
10/4/2017,05:00 AM,10/4/2017 05:00 AM,Southbound,451,11,
10/4/2017,06:00 AM,10/4/2017 06:00 AM,Southbound,451,16,
10/4/2017,07:00 AM,10/4/2017 07:00 AM,Southbound,451,39,
10/4/2017,08:00 AM,10/4/2017 08:00 AM,Southbound,451,60,
10/4/2017,09:00 AM,10/4/2017 09:00 AM,Southbound,451,29,
10/4/2017,10:00 AM,10/4/2017 10:00 AM,Southbound,451,24,
10/4/2017,11:00 AM,10/4/2017 11:00 AM,Southbound,451,20,
10/4/2017,12:00 PM,10/4/2017 12:00 PM,Southbound,451,16,
10/4/2017,01:00 PM,10/4/2017 01:00 PM,Southbound,451,22,
10/4/2017,02:00 PM,10/4/2017 02:00 PM,Southbound,451,28,
10/4/2017,03:00 PM,10/4/2017 03:00 PM,Southbound,451,27,
10/4/2017,04:00 PM,10/4/2017 04:00 PM,Southbound,451,55,
10/4/2017,05:00 PM,10/4/2017 05:00 PM,Southbound,451,85,
10/4/2017,06:00 PM,10/4/2017 06:00 PM,Southbound,451,79,
10/4/2017,07:00 PM,10/4/2017 07:00 PM,Southbound,451,36,
10/4/2017,08:00 PM,10/4/2017 08:00 PM,Southbound,451,27,
10/4/2017,09:00 PM,10/4/2017 09:00 PM,Southbound,451,24,
10/4/2017,10:00 PM,10/4/2017 10:00 PM,Southbound,451,13,
10/4/2017,11:00 PM,10/4/2017 11:00 PM,Southbound,451,5,
10/5/2017,12:00 AM,10/5/2017 12:00 AM,Southbound,451,9,
10/5/2017,01:00 AM,10/5/2017 01:00 AM,Southbound,451,2,
10/5/2017,02:00 AM,10/5/2017 02:00 AM,Southbound,451,1,
10/5/2017,03:00 AM,10/5/2017 03:00 AM,Southbound,451,3,
10/5/2017,04:00 AM,10/5/2017 04:00 AM,Southbound,451,1,
10/5/2017,05:00 AM,10/5/2017 05:00 AM,Southbound,451,0,
10/5/2017,06:00 AM,10/5/2017 06:00 AM,Southbound,451,14,
10/5/2017,07:00 AM,10/5/2017 07:00 AM,Southbound,451,46,
10/5/2017,08:00 AM,10/5/2017 08:00 AM,Southbound,451,45,
10/5/2017,09:00 AM,10/5/2017 09:00 AM,Southbound,451,39,
10/5/2017,10:00 AM,10/5/2017 10:00 AM,Southbound,451,31,
10/5/2017,11:00 AM,10/5/2017 11:00 AM,Southbound,451,15,
10/5/2017,12:00 PM,10/5/2017 12:00 PM,Southbound,451,23,
10/5/2017,01:00 PM,10/5/2017 01:00 PM,Southbound,451,20,
10/5/2017,02:00 PM,10/5/2017 02:00 PM,Southbound,451,27,
10/5/2017,03:00 PM,10/5/2017 03:00 PM,Southbound,451,40,
10/5/2017,04:00 PM,10/5/2017 04:00 PM,Southbound,451,62,
10/5/2017,05:00 PM,10/5/2017 05:00 PM,Southbound,451,64,
10/5/2017,06:00 PM,10/5/2017 06:00 PM,Southbound,451,76,
10/5/2017,07:00 PM,10/5/2017 07:00 PM,Southbound,451,28,
10/5/2017,08:00 PM,10/5/2017 08:00 PM,Southbound,451,22,
10/5/2017,09:00 PM,10/5/2017 09:00 PM,Southbound,451,23,
10/5/2017,10:00 PM,10/5/2017 10:00 PM,Southbound,451,12,
10/5/2017,11:00 PM,10/5/2017 11:00 PM,Southbound,451,11,
9/27/2018,12:00 AM,9/27/2018 12:00 AM,Southbound,451,1,
9/27/2018,01:00 AM,9/27/2018 01:00 AM,Southbound,451,1,
9/27/2018,02:00 AM,9/27/2018 02:00 AM,Southbound,451,2,
9/27/2018,03:00 AM,9/27/2018 03:00 AM,Southbound,451,3,
9/27/2018,04:00 AM,9/27/2018 04:00 AM,Southbound,451,2,
9/27/2018,05:00 AM,9/27/2018 05:00 AM,Southbound,451,5,
9/27/2018,06:00 AM,9/27/2018 06:00 AM,Southbound,451,10,
9/27/2018,07:00 AM,9/27/2018 07:00 AM,Southbound,451,43,
9/27/2018,08:00 AM,9/27/2018 08:00 AM,Southbound,451,37,
9/27/2018,09:00 AM,9/27/2018 09:00 AM,Southbound,451,38,
9/27/2018,10:00 AM,9/27/2018 10:00 AM,Southbound,451,16,
9/27/2018,11:00 AM,9/27/2018 11:00 AM,Southbound,451,10,
9/27/2018,12:00 PM,9/27/2018 12:00 PM,Southbound,451,15,
9/27/2018,01:00 PM,9/27/2018 01:00 PM,Southbound,451,18,
9/27/2018,02:00 PM,9/27/2018 02:00 PM,Southbound,451,13,
9/27/2018,03:00 PM,9/27/2018 03:00 PM,Southbound,451,14,
9/27/2018,04:00 PM,9/27/2018 04:00 PM,Southbound,451,54,
9/27/2018,05:00 PM,9/27/2018 05:00 PM,Southbound,451,58,
9/27/2018,06:00 PM,9/27/2018 06:00 PM,Southbound,451,56,
9/27/2018,07:00 PM,9/27/2018 07:00 PM,Southbound,451,29,
9/27/2018,08:00 PM,9/27/2018 08:00 PM,Southbound,451,26,
9/27/2018,09:00 PM,9/27/2018 09:00 PM,Southbound,451,14,
9/27/2018,10:00 PM,9/27/2018 10:00 PM,Southbound,451,7,
9/27/2018,11:00 PM,9/27/2018 11:00 PM,Southbound,451,8,
9/28/2018,12:00 AM,9/28/2018 12:00 AM,Southbound,451,11,
9/28/2018,01:00 AM,9/28/2018 01:00 AM,Southbound,451,4,
9/28/2018,02:00 AM,9/28/2018 02:00 AM,Southbound,451,1,
9/28/2018,03:00 AM,9/28/2018 03:00 AM,Southbound,451,2,
9/28/2018,04:00 AM,9/28/2018 04:00 AM,Southbound,451,5,
9/28/2018,05:00 AM,9/28/2018 05:00 AM,Southbound,451,2,
9/28/2018,06:00 AM,9/28/2018 06:00 AM,Southbound,451,7,
9/28/2018,07:00 AM,9/28/2018 07:00 AM,Southbound,451,5,
9/28/2018,08:00 AM,9/28/2018 08:00 AM,Southbound,451,9,
9/28/2018,09:00 AM,9/28/2018 09:00 AM,Southbound,451,14,
9/28/2018,10:00 AM,9/28/2018 10:00 AM,Southbound,451,8,
9/28/2018,11:00 AM,9/28/2018 11:00 AM,Southbound,451,7,
9/28/2018,12:00 PM,9/28/2018 12:00 PM,Southbound,451,7,
9/28/2018,01:00 PM,9/28/2018 01:00 PM,Southbound,451,14,
9/28/2018,02:00 PM,9/28/2018 02:00 PM,Southbound,451,9,
9/28/2018,03:00 PM,9/28/2018 03:00 PM,Southbound,451,29,
9/28/2018,04:00 PM,9/28/2018 04:00 PM,Southbound,451,27,
9/28/2018,05:00 PM,9/28/2018 05:00 PM,Southbound,451,29,
9/28/2018,06:00 PM,9/28/2018 06:00 PM,Southbound,451,27,
9/28/2018,07:00 PM,9/28/2018 07:00 PM,Southbound,451,17,
9/28/2018,08:00 PM,9/28/2018 08:00 PM,Southbound,451,12,
9/28/2018,09:00 PM,9/28/2018 09:00 PM,Southbound,451,9,
9/28/2018,10:00 PM,9/28/2018 10:00 PM,Southbound,451,8,
9/28/2018,11:00 PM,9/28/2018 11:00 PM,Southbound,451,6,
9/27/2016,12:00 AM,9/27/2016 12:00 AM,Southbound,601,3,
9/27/2016,01:00 AM,9/27/2016 01:00 AM,Southbound,601,1,
9/27/2016,02:00 AM,9/27/2016 02:00 AM,Southbound,601,3,
9/27/2016,03:00 AM,9/27/2016 03:00 AM,Southbound,601,1,
9/27/2016,04:00 AM,9/27/2016 04:00 AM,Southbound,601,3,
9/27/2016,05:00 AM,9/27/2016 05:00 AM,Southbound,601,3,
9/27/2016,06:00 AM,9/27/2016 06:00 AM,Southbound,601,8,
9/27/2016,07:00 AM,9/27/2016 07:00 AM,Southbound,601,12,
9/27/2016,08:00 AM,9/27/2016 08:00 AM,Southbound,601,16,
9/27/2016,09:00 AM,9/27/2016 09:00 AM,Southbound,601,15,
9/27/2016,10:00 AM,9/27/2016 10:00 AM,Southbound,601,9,
9/27/2016,11:00 AM,9/27/2016 11:00 AM,Southbound,601,5,
9/27/2016,12:00 PM,9/27/2016 12:00 PM,Southbound,601,10,
9/27/2016,01:00 PM,9/27/2016 01:00 PM,Southbound,601,3,
9/27/2016,02:00 PM,9/27/2016 02:00 PM,Southbound,601,10,
9/27/2016,03:00 PM,9/27/2016 03:00 PM,Southbound,601,13,
9/27/2016,04:00 PM,9/27/2016 04:00 PM,Southbound,601,15,
9/27/2016,05:00 PM,9/27/2016 05:00 PM,Southbound,601,22,
9/27/2016,06:00 PM,9/27/2016 06:00 PM,Southbound,601,19,
9/27/2016,07:00 PM,9/27/2016 07:00 PM,Southbound,601,16,
9/27/2016,08:00 PM,9/27/2016 08:00 PM,Southbound,601,16,
9/27/2016,09:00 PM,9/27/2016 09:00 PM,Southbound,601,7,
9/27/2016,10:00 PM,9/27/2016 10:00 PM,Southbound,601,9,
9/27/2016,11:00 PM,9/27/2016 11:00 PM,Southbound,601,6,
9/28/2016,12:00 AM,9/28/2016 12:00 AM,Southbound,601,8,
9/28/2016,01:00 AM,9/28/2016 01:00 AM,Southbound,601,1,
9/28/2016,02:00 AM,9/28/2016 02:00 AM,Southbound,601,2,
9/28/2016,03:00 AM,9/28/2016 03:00 AM,Southbound,601,0,
9/28/2016,04:00 AM,9/28/2016 04:00 AM,Southbound,601,2,
9/28/2016,05:00 AM,9/28/2016 05:00 AM,Southbound,601,3,
9/28/2016,06:00 AM,9/28/2016 06:00 AM,Southbound,601,10,
9/28/2016,07:00 AM,9/28/2016 07:00 AM,Southbound,601,19,
9/28/2016,08:00 AM,9/28/2016 08:00 AM,Southbound,601,15,
9/28/2016,09:00 AM,9/28/2016 09:00 AM,Southbound,601,29,
9/28/2016,10:00 AM,9/28/2016 10:00 AM,Southbound,601,12,
9/28/2016,11:00 AM,9/28/2016 11:00 AM,Southbound,601,9,
9/28/2016,12:00 PM,9/28/2016 12:00 PM,Southbound,601,12,
9/28/2016,01:00 PM,9/28/2016 01:00 PM,Southbound,601,10,
9/28/2016,02:00 PM,9/28/2016 02:00 PM,Southbound,601,9,
9/28/2016,03:00 PM,9/28/2016 03:00 PM,Southbound,601,22,
9/28/2016,04:00 PM,9/28/2016 04:00 PM,Southbound,601,21,
9/28/2016,05:00 PM,9/28/2016 05:00 PM,Southbound,601,31,
9/28/2016,06:00 PM,9/28/2016 06:00 PM,Southbound,601,16,
9/28/2016,07:00 PM,9/28/2016 07:00 PM,Southbound,601,11,
9/28/2016,08:00 PM,9/28/2016 08:00 PM,Southbound,601,10,
9/28/2016,09:00 PM,9/28/2016 09:00 PM,Southbound,601,7,
9/28/2016,10:00 PM,9/28/2016 10:00 PM,Southbound,601,18,
9/28/2016,11:00 PM,9/28/2016 11:00 PM,Southbound,601,2,
9/29/2016,12:00 AM,9/29/2016 12:00 AM,Southbound,601,7,
9/29/2016,01:00 AM,9/29/2016 01:00 AM,Southbound,601,1,
9/29/2016,02:00 AM,9/29/2016 02:00 AM,Southbound,601,0,
9/29/2016,03:00 AM,9/29/2016 03:00 AM,Southbound,601,0,
9/29/2016,04:00 AM,9/29/2016 04:00 AM,Southbound,601,3,
9/29/2016,05:00 AM,9/29/2016 05:00 AM,Southbound,601,4,
9/29/2016,06:00 AM,9/29/2016 06:00 AM,Southbound,601,15,
9/29/2016,07:00 AM,9/29/2016 07:00 AM,Southbound,601,21,
9/29/2016,08:00 AM,9/29/2016 08:00 AM,Southbound,601,18,
9/29/2016,09:00 AM,9/29/2016 09:00 AM,Southbound,601,27,
9/29/2016,10:00 AM,9/29/2016 10:00 AM,Southbound,601,9,
9/29/2016,11:00 AM,9/29/2016 11:00 AM,Southbound,601,8,
9/29/2016,12:00 PM,9/29/2016 12:00 PM,Southbound,601,5,
9/29/2016,01:00 PM,9/29/2016 01:00 PM,Southbound,601,10,
9/29/2016,02:00 PM,9/29/2016 02:00 PM,Southbound,601,7,
9/29/2016,03:00 PM,9/29/2016 03:00 PM,Southbound,601,11,
9/29/2016,04:00 PM,9/29/2016 04:00 PM,Southbound,601,4,
9/29/2016,05:00 PM,9/29/2016 05:00 PM,Southbound,601,32,
9/29/2016,06:00 PM,9/29/2016 06:00 PM,Southbound,601,20,
9/29/2016,07:00 PM,9/29/2016 07:00 PM,Southbound,601,17,
9/29/2016,08:00 PM,9/29/2016 08:00 PM,Southbound,601,12,
9/29/2016,09:00 PM,9/29/2016 09:00 PM,Southbound,601,13,
9/29/2016,10:00 PM,9/29/2016 10:00 PM,Southbound,601,9,
9/29/2016,11:00 PM,9/29/2016 11:00 PM,Southbound,601,5,
10/4/2017,12:00 AM,10/4/2017 12:00 AM,Southbound,601,12,
10/4/2017,01:00 AM,10/4/2017 01:00 AM,Southbound,601,0,
10/4/2017,02:00 AM,10/4/2017 02:00 AM,Southbound,601,4,
10/4/2017,03:00 AM,10/4/2017 03:00 AM,Southbound,601,0,
10/4/2017,04:00 AM,10/4/2017 04:00 AM,Southbound,601,2,
10/4/2017,05:00 AM,10/4/2017 05:00 AM,Southbound,601,7,
10/4/2017,06:00 AM,10/4/2017 06:00 AM,Southbound,601,7,
10/4/2017,07:00 AM,10/4/2017 07:00 AM,Southbound,601,38,
10/4/2017,08:00 AM,10/4/2017 08:00 AM,Southbound,601,62,
10/4/2017,09:00 AM,10/4/2017 09:00 AM,Southbound,601,37,
10/4/2017,10:00 AM,10/4/2017 10:00 AM,Southbound,601,20,
10/4/2017,11:00 AM,10/4/2017 11:00 AM,Southbound,601,6,
10/4/2017,12:00 PM,10/4/2017 12:00 PM,Southbound,601,6,
10/4/2017,01:00 PM,10/4/2017 01:00 PM,Southbound,601,7,
10/4/2017,02:00 PM,10/4/2017 02:00 PM,Southbound,601,6,
10/4/2017,03:00 PM,10/4/2017 03:00 PM,Southbound,601,18,
10/4/2017,04:00 PM,10/4/2017 04:00 PM,Southbound,601,34,
10/4/2017,05:00 PM,10/4/2017 05:00 PM,Southbound,601,39,
10/4/2017,06:00 PM,10/4/2017 06:00 PM,Southbound,601,26,
10/4/2017,07:00 PM,10/4/2017 07:00 PM,Southbound,601,41,
10/4/2017,08:00 PM,10/4/2017 08:00 PM,Southbound,601,16,
10/4/2017,09:00 PM,10/4/2017 09:00 PM,Southbound,601,15,
10/4/2017,10:00 PM,10/4/2017 10:00 PM,Southbound,601,10,
10/4/2017,11:00 PM,10/4/2017 11:00 PM,Southbound,601,6,
10/5/2017,12:00 AM,10/5/2017 12:00 AM,Southbound,601,8,
10/5/2017,01:00 AM,10/5/2017 01:00 AM,Southbound,601,5,
10/5/2017,02:00 AM,10/5/2017 02:00 AM,Southbound,601,0,
10/5/2017,03:00 AM,10/5/2017 03:00 AM,Southbound,601,0,
10/5/2017,04:00 AM,10/5/2017 04:00 AM,Southbound,601,1,
10/5/2017,05:00 AM,10/5/2017 05:00 AM,Southbound,601,11,
10/5/2017,06:00 AM,10/5/2017 06:00 AM,Southbound,601,9,
10/5/2017,07:00 AM,10/5/2017 07:00 AM,Southbound,601,25,
10/5/2017,08:00 AM,10/5/2017 08:00 AM,Southbound,601,69,
10/5/2017,09:00 AM,10/5/2017 09:00 AM,Southbound,601,56,
10/5/2017,10:00 AM,10/5/2017 10:00 AM,Southbound,601,16,
10/5/2017,11:00 AM,10/5/2017 11:00 AM,Southbound,601,5,
10/5/2017,12:00 PM,10/5/2017 12:00 PM,Southbound,601,9,
10/5/2017,01:00 PM,10/5/2017 01:00 PM,Southbound,601,6,
10/5/2017,02:00 PM,10/5/2017 02:00 PM,Southbound,601,5,
10/5/2017,03:00 PM,10/5/2017 03:00 PM,Southbound,601,9,
10/5/2017,04:00 PM,10/5/2017 04:00 PM,Southbound,601,20,
10/5/2017,05:00 PM,10/5/2017 05:00 PM,Southbound,601,35,
10/5/2017,06:00 PM,10/5/2017 06:00 PM,Southbound,601,25,
10/5/2017,07:00 PM,10/5/2017 07:00 PM,Southbound,601,14,
10/5/2017,08:00 PM,10/5/2017 08:00 PM,Southbound,601,16,
10/5/2017,09:00 PM,10/5/2017 09:00 PM,Southbound,601,5,
10/5/2017,10:00 PM,10/5/2017 10:00 PM,Southbound,601,1,
10/5/2017,11:00 PM,10/5/2017 11:00 PM,Southbound,601,12,
9/27/2018,12:00 AM,9/27/2018 12:00 AM,Southbound,601,7,
9/27/2018,01:00 AM,9/27/2018 01:00 AM,Southbound,601,2,
9/27/2018,02:00 AM,9/27/2018 02:00 AM,Southbound,601,1,
9/27/2018,03:00 AM,9/27/2018 03:00 AM,Southbound,601,0,
9/27/2018,04:00 AM,9/27/2018 04:00 AM,Southbound,601,4,
9/27/2018,05:00 AM,9/27/2018 05:00 AM,Southbound,601,6,
9/27/2018,06:00 AM,9/27/2018 06:00 AM,Southbound,601,19,
9/27/2018,07:00 AM,9/27/2018 07:00 AM,Southbound,601,17,
9/27/2018,08:00 AM,9/27/2018 08:00 AM,Southbound,601,43,
9/27/2018,09:00 AM,9/27/2018 09:00 AM,Southbound,601,45,
9/27/2018,10:00 AM,9/27/2018 10:00 AM,Southbound,601,18,
9/27/2018,11:00 AM,9/27/2018 11:00 AM,Southbound,601,13,
9/27/2018,12:00 PM,9/27/2018 12:00 PM,Southbound,601,8,
9/27/2018,01:00 PM,9/27/2018 01:00 PM,Southbound,601,7,
9/27/2018,02:00 PM,9/27/2018 02:00 PM,Southbound,601,9,
9/27/2018,03:00 PM,9/27/2018 03:00 PM,Southbound,601,21,
9/27/2018,04:00 PM,9/27/2018 04:00 PM,Southbound,601,14,
9/27/2018,05:00 PM,9/27/2018 05:00 PM,Southbound,601,44,
9/27/2018,06:00 PM,9/27/2018 06:00 PM,Southbound,601,28,
9/27/2018,07:00 PM,9/27/2018 07:00 PM,Southbound,601,28,
9/27/2018,08:00 PM,9/27/2018 08:00 PM,Southbound,601,22,
9/27/2018,09:00 PM,9/27/2018 09:00 PM,Southbound,601,10,
9/27/2018,10:00 PM,9/27/2018 10:00 PM,Southbound,601,10,
9/27/2018,11:00 PM,9/27/2018 11:00 PM,Southbound,601,8,
9/28/2018,12:00 AM,9/28/2018 12:00 AM,Southbound,601,8,
9/28/2018,01:00 AM,9/28/2018 01:00 AM,Southbound,601,5,
9/28/2018,02:00 AM,9/28/2018 02:00 AM,Southbound,601,5,
9/28/2018,03:00 AM,9/28/2018 03:00 AM,Southbound,601,2,
9/28/2018,04:00 AM,9/28/2018 04:00 AM,Southbound,601,2,
9/28/2018,05:00 AM,9/28/2018 05:00 AM,Southbound,601,3,
9/28/2018,06:00 AM,9/28/2018 06:00 AM,Southbound,601,10,
9/28/2018,07:00 AM,9/28/2018 07:00 AM,Southbound,601,14,
9/28/2018,08:00 AM,9/28/2018 08:00 AM,Southbound,601,10,
9/28/2018,09:00 AM,9/28/2018 09:00 AM,Southbound,601,14,
9/28/2018,10:00 AM,9/28/2018 10:00 AM,Southbound,601,6,
9/28/2018,11:00 AM,9/28/2018 11:00 AM,Southbound,601,7,
9/28/2018,12:00 PM,9/28/2018 12:00 PM,Southbound,601,12,
9/28/2018,01:00 PM,9/28/2018 01:00 PM,Southbound,601,8,
9/28/2018,02:00 PM,9/28/2018 02:00 PM,Southbound,601,7,
9/28/2018,03:00 PM,9/28/2018 03:00 PM,Southbound,601,4,
9/28/2018,04:00 PM,9/28/2018 04:00 PM,Southbound,601,15,
9/28/2018,05:00 PM,9/28/2018 05:00 PM,Southbound,601,11,
9/28/2018,06:00 PM,9/28/2018 06:00 PM,Southbound,601,19,
9/28/2018,07:00 PM,9/28/2018 07:00 PM,Southbound,601,17,
9/28/2018,08:00 PM,9/28/2018 08:00 PM,Southbound,601,7,
9/28/2018,09:00 PM,9/28/2018 09:00 PM,Southbound,601,11,
9/28/2018,10:00 PM,9/28/2018 10:00 PM,Southbound,601,4,
9/28/2018,11:00 PM,9/28/2018 11:00 PM,Southbound,601,11,
9/27/2016,12:00 AM,9/27/2016 12:00 AM,Southbound,"1,071",6,
9/27/2016,01:00 AM,9/27/2016 01:00 AM,Southbound,"1,071",1,
9/27/2016,02:00 AM,9/27/2016 02:00 AM,Southbound,"1,071",3,
9/27/2016,03:00 AM,9/27/2016 03:00 AM,Southbound,"1,071",2,
9/27/2016,04:00 AM,9/27/2016 04:00 AM,Southbound,"1,071",1,
9/27/2016,05:00 AM,9/27/2016 05:00 AM,Southbound,"1,071",1,
9/27/2016,06:00 AM,9/27/2016 06:00 AM,Southbound,"1,071",0,
9/27/2016,07:00 AM,9/27/2016 07:00 AM,Southbound,"1,071",2,
9/27/2016,08:00 AM,9/27/2016 08:00 AM,Southbound,"1,071",5,
9/27/2016,09:00 AM,9/27/2016 09:00 AM,Southbound,"1,071",6,
9/27/2016,10:00 AM,9/27/2016 10:00 AM,Southbound,"1,071",3,
9/27/2016,11:00 AM,9/27/2016 11:00 AM,Southbound,"1,071",1,
9/27/2016,12:00 PM,9/27/2016 12:00 PM,Southbound,"1,071",3,
9/27/2016,01:00 PM,9/27/2016 01:00 PM,Southbound,"1,071",2,
9/27/2016,02:00 PM,9/27/2016 02:00 PM,Southbound,"1,071",9,
9/27/2016,03:00 PM,9/27/2016 03:00 PM,Southbound,"1,071",12,
9/27/2016,04:00 PM,9/27/2016 04:00 PM,Southbound,"1,071",18,
9/27/2016,05:00 PM,9/27/2016 05:00 PM,Southbound,"1,071",16,
9/27/2016,06:00 PM,9/27/2016 06:00 PM,Southbound,"1,071",13,
9/27/2016,07:00 PM,9/27/2016 07:00 PM,Southbound,"1,071",10,
9/27/2016,08:00 PM,9/27/2016 08:00 PM,Southbound,"1,071",12,
9/27/2016,09:00 PM,9/27/2016 09:00 PM,Southbound,"1,071",7,
9/27/2016,10:00 PM,9/27/2016 10:00 PM,Southbound,"1,071",9,
9/27/2016,11:00 PM,9/27/2016 11:00 PM,Southbound,"1,071",7,
9/28/2016,12:00 AM,9/28/2016 12:00 AM,Southbound,"1,071",5,
9/28/2016,01:00 AM,9/28/2016 01:00 AM,Southbound,"1,071",1,
9/28/2016,02:00 AM,9/28/2016 02:00 AM,Southbound,"1,071",0,
9/28/2016,03:00 AM,9/28/2016 03:00 AM,Southbound,"1,071",1,
9/28/2016,04:00 AM,9/28/2016 04:00 AM,Southbound,"1,071",0,
9/28/2016,05:00 AM,9/28/2016 05:00 AM,Southbound,"1,071",1,
9/28/2016,06:00 AM,9/28/2016 06:00 AM,Southbound,"1,071",2,
9/28/2016,07:00 AM,9/28/2016 07:00 AM,Southbound,"1,071",5,
9/28/2016,08:00 AM,9/28/2016 08:00 AM,Southbound,"1,071",9,
9/28/2016,09:00 AM,9/28/2016 09:00 AM,Southbound,"1,071",2,
9/28/2016,10:00 AM,9/28/2016 10:00 AM,Southbound,"1,071",7,
9/28/2016,11:00 AM,9/28/2016 11:00 AM,Southbound,"1,071",1,
9/28/2016,12:00 PM,9/28/2016 12:00 PM,Southbound,"1,071",1,
9/28/2016,01:00 PM,9/28/2016 01:00 PM,Southbound,"1,071",6,
9/28/2016,02:00 PM,9/28/2016 02:00 PM,Southbound,"1,071",5,
9/28/2016,03:00 PM,9/28/2016 03:00 PM,Southbound,"1,071",17,
9/28/2016,04:00 PM,9/28/2016 04:00 PM,Southbound,"1,071",16,
9/28/2016,05:00 PM,9/28/2016 05:00 PM,Southbound,"1,071",25,
9/28/2016,06:00 PM,9/28/2016 06:00 PM,Southbound,"1,071",17,
9/28/2016,07:00 PM,9/28/2016 07:00 PM,Southbound,"1,071",16,
9/28/2016,08:00 PM,9/28/2016 08:00 PM,Southbound,"1,071",2,
9/28/2016,09:00 PM,9/28/2016 09:00 PM,Southbound,"1,071",8,
9/28/2016,10:00 PM,9/28/2016 10:00 PM,Southbound,"1,071",10,
9/28/2016,11:00 PM,9/28/2016 11:00 PM,Southbound,"1,071",5,
9/29/2016,12:00 AM,9/29/2016 12:00 AM,Southbound,"1,071",2,
9/29/2016,01:00 AM,9/29/2016 01:00 AM,Southbound,"1,071",1,
9/29/2016,02:00 AM,9/29/2016 02:00 AM,Southbound,"1,071",1,
9/29/2016,03:00 AM,9/29/2016 03:00 AM,Southbound,"1,071",0,
9/29/2016,04:00 AM,9/29/2016 04:00 AM,Southbound,"1,071",0,
9/29/2016,05:00 AM,9/29/2016 05:00 AM,Southbound,"1,071",2,
9/29/2016,06:00 AM,9/29/2016 06:00 AM,Southbound,"1,071",3,
9/29/2016,07:00 AM,9/29/2016 07:00 AM,Southbound,"1,071",5,
9/29/2016,08:00 AM,9/29/2016 08:00 AM,Southbound,"1,071",2,
9/29/2016,09:00 AM,9/29/2016 09:00 AM,Southbound,"1,071",11,
9/29/2016,10:00 AM,9/29/2016 10:00 AM,Southbound,"1,071",6,
9/29/2016,11:00 AM,9/29/2016 11:00 AM,Southbound,"1,071",7,
9/29/2016,12:00 PM,9/29/2016 12:00 PM,Southbound,"1,071",8,
9/29/2016,01:00 PM,9/29/2016 01:00 PM,Southbound,"1,071",6,
9/29/2016,02:00 PM,9/29/2016 02:00 PM,Southbound,"1,071",2,
9/29/2016,03:00 PM,9/29/2016 03:00 PM,Southbound,"1,071",16,
9/29/2016,04:00 PM,9/29/2016 04:00 PM,Southbound,"1,071",12,
9/29/2016,05:00 PM,9/29/2016 05:00 PM,Southbound,"1,071",27,
9/29/2016,06:00 PM,9/29/2016 06:00 PM,Southbound,"1,071",24,
9/29/2016,07:00 PM,9/29/2016 07:00 PM,Southbound,"1,071",14,
9/29/2016,08:00 PM,9/29/2016 08:00 PM,Southbound,"1,071",10,
9/29/2016,09:00 PM,9/29/2016 09:00 PM,Southbound,"1,071",12,
9/29/2016,10:00 PM,9/29/2016 10:00 PM,Southbound,"1,071",9,
9/29/2016,11:00 PM,9/29/2016 11:00 PM,Southbound,"1,071",1,
10/4/2017,12:00 AM,10/4/2017 12:00 AM,Southbound,"1,071",3,
10/4/2017,01:00 AM,10/4/2017 01:00 AM,Southbound,"1,071",0,
10/4/2017,02:00 AM,10/4/2017 02:00 AM,Southbound,"1,071",2,
10/4/2017,03:00 AM,10/4/2017 03:00 AM,Southbound,"1,071",0,
10/4/2017,04:00 AM,10/4/2017 04:00 AM,Southbound,"1,071",0,
10/4/2017,05:00 AM,10/4/2017 05:00 AM,Southbound,"1,071",0,
10/4/2017,06:00 AM,10/4/2017 06:00 AM,Southbound,"1,071",2,
10/4/2017,07:00 AM,10/4/2017 07:00 AM,Southbound,"1,071",4,
10/4/2017,08:00 AM,10/4/2017 08:00 AM,Southbound,"1,071",8,
10/4/2017,09:00 AM,10/4/2017 09:00 AM,Southbound,"1,071",6,
10/4/2017,10:00 AM,10/4/2017 10:00 AM,Southbound,"1,071",5,
10/4/2017,11:00 AM,10/4/2017 11:00 AM,Southbound,"1,071",4,
10/4/2017,12:00 PM,10/4/2017 12:00 PM,Southbound,"1,071",4,
10/4/2017,01:00 PM,10/4/2017 01:00 PM,Southbound,"1,071",4,
10/4/2017,02:00 PM,10/4/2017 02:00 PM,Southbound,"1,071",4,
10/4/2017,03:00 PM,10/4/2017 03:00 PM,Southbound,"1,071",9,
10/4/2017,04:00 PM,10/4/2017 04:00 PM,Southbound,"1,071",23,
10/4/2017,05:00 PM,10/4/2017 05:00 PM,Southbound,"1,071",26,
10/4/2017,06:00 PM,10/4/2017 06:00 PM,Southbound,"1,071",23,
10/4/2017,07:00 PM,10/4/2017 07:00 PM,Southbound,"1,071",20,
10/4/2017,08:00 PM,10/4/2017 08:00 PM,Southbound,"1,071",18,
10/4/2017,09:00 PM,10/4/2017 09:00 PM,Southbound,"1,071",12,
10/4/2017,10:00 PM,10/4/2017 10:00 PM,Southbound,"1,071",4,
10/4/2017,11:00 PM,10/4/2017 11:00 PM,Southbound,"1,071",1,
10/5/2017,12:00 AM,10/5/2017 12:00 AM,Southbound,"1,071",4,
10/5/2017,01:00 AM,10/5/2017 01:00 AM,Southbound,"1,071",2,
10/5/2017,02:00 AM,10/5/2017 02:00 AM,Southbound,"1,071",1,
10/5/2017,03:00 AM,10/5/2017 03:00 AM,Southbound,"1,071",0,
10/5/2017,04:00 AM,10/5/2017 04:00 AM,Southbound,"1,071",0,
10/5/2017,05:00 AM,10/5/2017 05:00 AM,Southbound,"1,071",1,
10/5/2017,06:00 AM,10/5/2017 06:00 AM,Southbound,"1,071",2,
10/5/2017,07:00 AM,10/5/2017 07:00 AM,Southbound,"1,071",6,
10/5/2017,08:00 AM,10/5/2017 08:00 AM,Southbound,"1,071",12,
10/5/2017,09:00 AM,10/5/2017 09:00 AM,Southbound,"1,071",6,
10/5/2017,10:00 AM,10/5/2017 10:00 AM,Southbound,"1,071",2,
10/5/2017,11:00 AM,10/5/2017 11:00 AM,Southbound,"1,071",4,
10/5/2017,12:00 PM,10/5/2017 12:00 PM,Southbound,"1,071",6,
10/5/2017,01:00 PM,10/5/2017 01:00 PM,Southbound,"1,071",2,
10/5/2017,02:00 PM,10/5/2017 02:00 PM,Southbound,"1,071",6,
10/5/2017,03:00 PM,10/5/2017 03:00 PM,Southbound,"1,071",11,
10/5/2017,04:00 PM,10/5/2017 04:00 PM,Southbound,"1,071",17,
10/5/2017,05:00 PM,10/5/2017 05:00 PM,Southbound,"1,071",30,
10/5/2017,06:00 PM,10/5/2017 06:00 PM,Southbound,"1,071",15,
10/5/2017,07:00 PM,10/5/2017 07:00 PM,Southbound,"1,071",14,
10/5/2017,08:00 PM,10/5/2017 08:00 PM,Southbound,"1,071",11,
10/5/2017,09:00 PM,10/5/2017 09:00 PM,Southbound,"1,071",8,
10/5/2017,10:00 PM,10/5/2017 10:00 PM,Southbound,"1,071",8,
10/5/2017,11:00 PM,10/5/2017 11:00 PM,Southbound,"1,071",3,
9/27/2018,12:00 AM,9/27/2018 12:00 AM,Southbound,"1,071",1,
9/27/2018,01:00 AM,9/27/2018 01:00 AM,Southbound,"1,071",0,
9/27/2018,02:00 AM,9/27/2018 02:00 AM,Southbound,"1,071",0,
9/27/2018,03:00 AM,9/27/2018 03:00 AM,Southbound,"1,071",0,
9/27/2018,04:00 AM,9/27/2018 04:00 AM,Southbound,"1,071",1,
9/27/2018,05:00 AM,9/27/2018 05:00 AM,Southbound,"1,071",6,
9/27/2018,06:00 AM,9/27/2018 06:00 AM,Southbound,"1,071",12,
9/27/2018,07:00 AM,9/27/2018 07:00 AM,Southbound,"1,071",17,
9/27/2018,08:00 AM,9/27/2018 08:00 AM,Southbound,"1,071",23,
9/27/2018,09:00 AM,9/27/2018 09:00 AM,Southbound,"1,071",18,
9/27/2018,10:00 AM,9/27/2018 10:00 AM,Southbound,"1,071",8,
9/27/2018,11:00 AM,9/27/2018 11:00 AM,Southbound,"1,071",15,
9/27/2018,12:00 PM,9/27/2018 12:00 PM,Southbound,"1,071",8,
9/27/2018,01:00 PM,9/27/2018 01:00 PM,Southbound,"1,071",11,
9/27/2018,02:00 PM,9/27/2018 02:00 PM,Southbound,"1,071",7,
9/27/2018,03:00 PM,9/27/2018 03:00 PM,Southbound,"1,071",8,
9/27/2018,04:00 PM,9/27/2018 04:00 PM,Southbound,"1,071",5,
9/27/2018,05:00 PM,9/27/2018 05:00 PM,Southbound,"1,071",11,
9/27/2018,06:00 PM,9/27/2018 06:00 PM,Southbound,"1,071",5,
9/27/2018,07:00 PM,9/27/2018 07:00 PM,Southbound,"1,071",8,
9/27/2018,08:00 PM,9/27/2018 08:00 PM,Southbound,"1,071",3,
9/27/2018,09:00 PM,9/27/2018 09:00 PM,Southbound,"1,071",8,
9/27/2018,10:00 PM,9/27/2018 10:00 PM,Southbound,"1,071",6,
9/27/2018,11:00 PM,9/27/2018 11:00 PM,Southbound,"1,071",3,
9/28/2018,12:00 AM,9/28/2018 12:00 AM,Southbound,"1,071",1,
9/28/2018,01:00 AM,9/28/2018 01:00 AM,Southbound,"1,071",0,
9/28/2018,02:00 AM,9/28/2018 02:00 AM,Southbound,"1,071",1,
9/28/2018,03:00 AM,9/28/2018 03:00 AM,Southbound,"1,071",0,
9/28/2018,04:00 AM,9/28/2018 04:00 AM,Southbound,"1,071",0,
9/28/2018,05:00 AM,9/28/2018 05:00 AM,Southbound,"1,071",7,
9/28/2018,06:00 AM,9/28/2018 06:00 AM,Southbound,"1,071",8,
9/28/2018,07:00 AM,9/28/2018 07:00 AM,Southbound,"1,071",2,
9/28/2018,08:00 AM,9/28/2018 08:00 AM,Southbound,"1,071",6,
9/28/2018,09:00 AM,9/28/2018 09:00 AM,Southbound,"1,071",8,
9/28/2018,10:00 AM,9/28/2018 10:00 AM,Southbound,"1,071",5,
9/28/2018,11:00 AM,9/28/2018 11:00 AM,Southbound,"1,071",1,
9/28/2018,12:00 PM,9/28/2018 12:00 PM,Southbound,"1,071",1,
9/28/2018,01:00 PM,9/28/2018 01:00 PM,Southbound,"1,071",3,
9/28/2018,02:00 PM,9/28/2018 02:00 PM,Southbound,"1,071",7,
9/28/2018,03:00 PM,9/28/2018 03:00 PM,Southbound,"1,071",6,
9/28/2018,04:00 PM,9/28/2018 04:00 PM,Southbound,"1,071",7,
9/28/2018,05:00 PM,9/28/2018 05:00 PM,Southbound,"1,071",8,
9/28/2018,06:00 PM,9/28/2018 06:00 PM,Southbound,"1,071",3,
9/28/2018,07:00 PM,9/28/2018 07:00 PM,Southbound,"1,071",6,
9/28/2018,08:00 PM,9/28/2018 08:00 PM,Southbound,"1,071",2,
9/28/2018,09:00 PM,9/28/2018 09:00 PM,Southbound,"1,071",4,
9/28/2018,10:00 PM,9/28/2018 10:00 PM,Southbound,"1,071",3,
9/28/2018,11:00 PM,9/28/2018 11:00 PM,Southbound,"1,071",0,
6/8/2016,12:00 AM,6/8/2016 12:00 AM,Northbound,6,9,
6/8/2016,01:00 AM,6/8/2016 01:00 AM,Northbound,6,2,
6/8/2016,02:00 AM,6/8/2016 02:00 AM,Northbound,6,2,
6/8/2016,03:00 AM,6/8/2016 03:00 AM,Northbound,6,2,
6/8/2016,04:00 AM,6/8/2016 04:00 AM,Northbound,6,0,
6/8/2016,05:00 AM,6/8/2016 05:00 AM,Northbound,6,23,
6/8/2016,06:00 AM,6/8/2016 06:00 AM,Northbound,6,45,
6/8/2016,07:00 AM,6/8/2016 07:00 AM,Northbound,6,120,
6/8/2016,08:00 AM,6/8/2016 08:00 AM,Northbound,6,258,
6/8/2016,09:00 AM,6/8/2016 09:00 AM,Northbound,6,155,
6/8/2016,10:00 AM,6/8/2016 10:00 AM,Northbound,6,97,
6/8/2016,11:00 AM,6/8/2016 11:00 AM,Northbound,6,62,
6/8/2016,12:00 PM,6/8/2016 12:00 PM,Northbound,6,61,
6/8/2016,01:00 PM,6/8/2016 01:00 PM,Northbound,6,58,
6/8/2016,02:00 PM,6/8/2016 02:00 PM,Northbound,6,54,
6/8/2016,03:00 PM,6/8/2016 03:00 PM,Northbound,6,60,
6/8/2016,04:00 PM,6/8/2016 04:00 PM,Northbound,6,110,
6/8/2016,05:00 PM,6/8/2016 05:00 PM,Northbound,6,216,
6/8/2016,06:00 PM,6/8/2016 06:00 PM,Northbound,6,202,
6/8/2016,07:00 PM,6/8/2016 07:00 PM,Northbound,6,127,
6/8/2016,08:00 PM,6/8/2016 08:00 PM,Northbound,6,91,
6/8/2016,09:00 PM,6/8/2016 09:00 PM,Northbound,6,57,
6/8/2016,10:00 PM,6/8/2016 10:00 PM,Northbound,6,38,
6/8/2016,11:00 PM,6/8/2016 11:00 PM,Northbound,6,27,
6/9/2016,12:00 AM,6/9/2016 12:00 AM,Northbound,6,15,
6/9/2016,01:00 AM,6/9/2016 01:00 AM,Northbound,6,1,
6/9/2016,02:00 AM,6/9/2016 02:00 AM,Northbound,6,0,
6/9/2016,03:00 AM,6/9/2016 03:00 AM,Northbound,6,5,
6/9/2016,04:00 AM,6/9/2016 04:00 AM,Northbound,6,1,
6/9/2016,05:00 AM,6/9/2016 05:00 AM,Northbound,6,22,
6/9/2016,06:00 AM,6/9/2016 06:00 AM,Northbound,6,48,
6/9/2016,07:00 AM,6/9/2016 07:00 AM,Northbound,6,99,
6/9/2016,08:00 AM,6/9/2016 08:00 AM,Northbound,6,252,
6/9/2016,09:00 AM,6/9/2016 09:00 AM,Northbound,6,151,
6/9/2016,10:00 AM,6/9/2016 10:00 AM,Northbound,6,88,
6/9/2016,11:00 AM,6/9/2016 11:00 AM,Northbound,6,56,
6/9/2016,12:00 PM,6/9/2016 12:00 PM,Northbound,6,54,
6/9/2016,01:00 PM,6/9/2016 01:00 PM,Northbound,6,75,
6/9/2016,02:00 PM,6/9/2016 02:00 PM,Northbound,6,79,
6/9/2016,03:00 PM,6/9/2016 03:00 PM,Northbound,6,75,
6/9/2016,04:00 PM,6/9/2016 04:00 PM,Northbound,6,121,
6/9/2016,05:00 PM,6/9/2016 05:00 PM,Northbound,6,244,
6/9/2016,06:00 PM,6/9/2016 06:00 PM,Northbound,6,183,
6/9/2016,07:00 PM,6/9/2016 07:00 PM,Northbound,6,143,
6/9/2016,08:00 PM,6/9/2016 08:00 PM,Northbound,6,91,
6/9/2016,09:00 PM,6/9/2016 09:00 PM,Northbound,6,52,
6/9/2016,10:00 PM,6/9/2016 10:00 PM,Northbound,6,44,
6/9/2016,11:00 PM,6/9/2016 11:00 PM,Northbound,6,30,
6/10/2016,12:00 AM,6/10/2016 12:00 AM,Northbound,6,15,
6/10/2016,01:00 AM,6/10/2016 01:00 AM,Northbound,6,0,
6/10/2016,02:00 AM,6/10/2016 02:00 AM,Northbound,6,4,
6/10/2016,03:00 AM,6/10/2016 03:00 AM,Northbound,6,4,
6/10/2016,04:00 AM,6/10/2016 04:00 AM,Northbound,6,1,
6/10/2016,05:00 AM,6/10/2016 05:00 AM,Northbound,6,19,
6/10/2016,06:00 AM,6/10/2016 06:00 AM,Northbound,6,42,
6/10/2016,07:00 AM,6/10/2016 07:00 AM,Northbound,6,92,
6/10/2016,08:00 AM,6/10/2016 08:00 AM,Northbound,6,223,
6/10/2016,09:00 AM,6/10/2016 09:00 AM,Northbound,6,171,
6/10/2016,10:00 AM,6/10/2016 10:00 AM,Northbound,6,64,
6/10/2016,11:00 AM,6/10/2016 11:00 AM,Northbound,6,61,
6/10/2016,12:00 PM,6/10/2016 12:00 PM,Northbound,6,52,
6/10/2016,01:00 PM,6/10/2016 01:00 PM,Northbound,6,79,
6/10/2016,02:00 PM,6/10/2016 02:00 PM,Northbound,6,68,
6/10/2016,03:00 PM,6/10/2016 03:00 PM,Northbound,6,89,
6/10/2016,04:00 PM,6/10/2016 04:00 PM,Northbound,6,147,
6/10/2016,05:00 PM,6/10/2016 05:00 PM,Northbound,6,200,
6/10/2016,06:00 PM,6/10/2016 06:00 PM,Northbound,6,169,
6/10/2016,07:00 PM,6/10/2016 07:00 PM,Northbound,6,116,
6/10/2016,08:00 PM,6/10/2016 08:00 PM,Northbound,6,79,
6/10/2016,09:00 PM,6/10/2016 09:00 PM,Northbound,6,59,
6/10/2016,10:00 PM,6/10/2016 10:00 PM,Northbound,6,100,
6/10/2016,11:00 PM,6/10/2016 11:00 PM,Northbound,6,82,
6/11/2016,12:00 AM,6/11/2016 12:00 AM,Northbound,6,28,
6/11/2016,01:00 AM,6/11/2016 01:00 AM,Northbound,6,21,
6/11/2016,02:00 AM,6/11/2016 02:00 AM,Northbound,6,13,
6/11/2016,03:00 AM,6/11/2016 03:00 AM,Northbound,6,3,
6/11/2016,04:00 AM,6/11/2016 04:00 AM,Northbound,6,1,
6/11/2016,05:00 AM,6/11/2016 05:00 AM,Northbound,6,4,
6/11/2016,06:00 AM,6/11/2016 06:00 AM,Northbound,6,11,
6/11/2016,07:00 AM,6/11/2016 07:00 AM,Northbound,6,25,
6/11/2016,08:00 AM,6/11/2016 08:00 AM,Northbound,6,36,
6/11/2016,09:00 AM,6/11/2016 09:00 AM,Northbound,6,61,
6/11/2016,10:00 AM,6/11/2016 10:00 AM,Northbound,6,81,
6/11/2016,11:00 AM,6/11/2016 11:00 AM,Northbound,6,70,
6/11/2016,12:00 PM,6/11/2016 12:00 PM,Northbound,6,96,
6/11/2016,01:00 PM,6/11/2016 01:00 PM,Northbound,6,65,
6/11/2016,02:00 PM,6/11/2016 02:00 PM,Northbound,6,44,
6/11/2016,03:00 PM,6/11/2016 03:00 PM,Northbound,6,42,
6/11/2016,04:00 PM,6/11/2016 04:00 PM,Northbound,6,50,
6/11/2016,05:00 PM,6/11/2016 05:00 PM,Northbound,6,40,
6/11/2016,06:00 PM,6/11/2016 06:00 PM,Northbound,6,58,
6/11/2016,07:00 PM,6/11/2016 07:00 PM,Northbound,6,48,
6/11/2016,08:00 PM,6/11/2016 08:00 PM,Northbound,6,37,
6/11/2016,09:00 PM,6/11/2016 09:00 PM,Northbound,6,0,
6/11/2016,10:00 PM,6/11/2016 10:00 PM,Northbound,6,40,
6/11/2016,11:00 PM,6/11/2016 11:00 PM,Northbound,6,18,
9/27/2016,12:00 AM,9/27/2016 12:00 AM,Northbound,6,11,
9/27/2016,01:00 AM,9/27/2016 01:00 AM,Northbound,6,6,
9/27/2016,02:00 AM,9/27/2016 02:00 AM,Northbound,6,3,
9/27/2016,03:00 AM,9/27/2016 03:00 AM,Northbound,6,1,
9/27/2016,04:00 AM,9/27/2016 04:00 AM,Northbound,6,2,
9/27/2016,05:00 AM,9/27/2016 05:00 AM,Northbound,6,14,
9/27/2016,06:00 AM,9/27/2016 06:00 AM,Northbound,6,15,
9/27/2016,07:00 AM,9/27/2016 07:00 AM,Northbound,6,43,
9/27/2016,08:00 AM,9/27/2016 08:00 AM,Northbound,6,126,
9/27/2016,09:00 AM,9/27/2016 09:00 AM,Northbound,6,127,
9/27/2016,10:00 AM,9/27/2016 10:00 AM,Northbound,6,70,
9/27/2016,11:00 AM,9/27/2016 11:00 AM,Northbound,6,55,
9/27/2016,12:00 PM,9/27/2016 12:00 PM,Northbound,6,53,
9/27/2016,01:00 PM,9/27/2016 01:00 PM,Northbound,6,61,
9/27/2016,02:00 PM,9/27/2016 02:00 PM,Northbound,6,60,
9/27/2016,03:00 PM,9/27/2016 03:00 PM,Northbound,6,76,
9/27/2016,04:00 PM,9/27/2016 04:00 PM,Northbound,6,93,
9/27/2016,05:00 PM,9/27/2016 05:00 PM,Northbound,6,171,
9/27/2016,06:00 PM,9/27/2016 06:00 PM,Northbound,6,168,
9/27/2016,07:00 PM,9/27/2016 07:00 PM,Northbound,6,130,
9/27/2016,08:00 PM,9/27/2016 08:00 PM,Northbound,6,79,
9/27/2016,09:00 PM,9/27/2016 09:00 PM,Northbound,6,72,
9/27/2016,10:00 PM,9/27/2016 10:00 PM,Northbound,6,65,
9/27/2016,11:00 PM,9/27/2016 11:00 PM,Northbound,6,37,
9/28/2016,12:00 AM,9/28/2016 12:00 AM,Northbound,6,18,
9/28/2016,01:00 AM,9/28/2016 01:00 AM,Northbound,6,5,
9/28/2016,02:00 AM,9/28/2016 02:00 AM,Northbound,6,3,
9/28/2016,03:00 AM,9/28/2016 03:00 AM,Northbound,6,1,
9/28/2016,04:00 AM,9/28/2016 04:00 AM,Northbound,6,4,
9/28/2016,05:00 AM,9/28/2016 05:00 AM,Northbound,6,11,
9/28/2016,06:00 AM,9/28/2016 06:00 AM,Northbound,6,42,
9/28/2016,07:00 AM,9/28/2016 07:00 AM,Northbound,6,108,
9/28/2016,08:00 AM,9/28/2016 08:00 AM,Northbound,6,240,
9/28/2016,09:00 AM,9/28/2016 09:00 AM,Northbound,6,141,
9/28/2016,10:00 AM,9/28/2016 10:00 AM,Northbound,6,73,
9/28/2016,11:00 AM,9/28/2016 11:00 AM,Northbound,6,54,
9/28/2016,12:00 PM,9/28/2016 12:00 PM,Northbound,6,58,
9/28/2016,01:00 PM,9/28/2016 01:00 PM,Northbound,6,60,
9/28/2016,02:00 PM,9/28/2016 02:00 PM,Northbound,6,52,
9/28/2016,03:00 PM,9/28/2016 03:00 PM,Northbound,6,58,
9/28/2016,04:00 PM,9/28/2016 04:00 PM,Northbound,6,120,
9/28/2016,05:00 PM,9/28/2016 05:00 PM,Northbound,6,227,
9/28/2016,06:00 PM,9/28/2016 06:00 PM,Northbound,6,192,
9/28/2016,07:00 PM,9/28/2016 07:00 PM,Northbound,6,113,
9/28/2016,08:00 PM,9/28/2016 08:00 PM,Northbound,6,80,
9/28/2016,09:00 PM,9/28/2016 09:00 PM,Northbound,6,91,
9/28/2016,10:00 PM,9/28/2016 10:00 PM,Northbound,6,54,
9/28/2016,11:00 PM,9/28/2016 11:00 PM,Northbound,6,35,
9/29/2016,12:00 AM,9/29/2016 12:00 AM,Northbound,6,13,
9/29/2016,01:00 AM,9/29/2016 01:00 AM,Northbound,6,7,
9/29/2016,02:00 AM,9/29/2016 02:00 AM,Northbound,6,2,
9/29/2016,03:00 AM,9/29/2016 03:00 AM,Northbound,6,1,
9/29/2016,04:00 AM,9/29/2016 04:00 AM,Northbound,6,2,
9/29/2016,05:00 AM,9/29/2016 05:00 AM,Northbound,6,12,
9/29/2016,06:00 AM,9/29/2016 06:00 AM,Northbound,6,31,
9/29/2016,07:00 AM,9/29/2016 07:00 AM,Northbound,6,108,
9/29/2016,08:00 AM,9/29/2016 08:00 AM,Northbound,6,238,
9/29/2016,09:00 AM,9/29/2016 09:00 AM,Northbound,6,148,
9/29/2016,10:00 AM,9/29/2016 10:00 AM,Northbound,6,73,
9/29/2016,11:00 AM,9/29/2016 11:00 AM,Northbound,6,69,
9/29/2016,12:00 PM,9/29/2016 12:00 PM,Northbound,6,56,
9/29/2016,01:00 PM,9/29/2016 01:00 PM,Northbound,6,76,
9/29/2016,02:00 PM,9/29/2016 02:00 PM,Northbound,6,55,
9/29/2016,03:00 PM,9/29/2016 03:00 PM,Northbound,6,82,
9/29/2016,04:00 PM,9/29/2016 04:00 PM,Northbound,6,124,
9/29/2016,05:00 PM,9/29/2016 05:00 PM,Northbound,6,239,
9/29/2016,06:00 PM,9/29/2016 06:00 PM,Northbound,6,226,
9/29/2016,07:00 PM,9/29/2016 07:00 PM,Northbound,6,132,
9/29/2016,08:00 PM,9/29/2016 08:00 PM,Northbound,6,107,
9/29/2016,09:00 PM,9/29/2016 09:00 PM,Northbound,6,84,
9/29/2016,10:00 PM,9/29/2016 10:00 PM,Northbound,6,66,
9/29/2016,11:00 PM,9/29/2016 11:00 PM,Northbound,6,29,
9/27/2016,12:00 AM,9/27/2016 12:00 AM,Northbound,451,3,
9/27/2016,01:00 AM,9/27/2016 01:00 AM,Northbound,451,0,
9/27/2016,02:00 AM,9/27/2016 02:00 AM,Northbound,451,0,
9/27/2016,03:00 AM,9/27/2016 03:00 AM,Northbound,451,2,
9/27/2016,04:00 AM,9/27/2016 04:00 AM,Northbound,451,1,
9/27/2016,05:00 AM,9/27/2016 05:00 AM,Northbound,451,5,
9/27/2016,06:00 AM,9/27/2016 06:00 AM,Northbound,451,10,
9/27/2016,07:00 AM,9/27/2016 07:00 AM,Northbound,451,14,
9/27/2016,08:00 AM,9/27/2016 08:00 AM,Northbound,451,16,
9/27/2016,09:00 AM,9/27/2016 09:00 AM,Northbound,451,15,
9/27/2016,10:00 AM,9/27/2016 10:00 AM,Northbound,451,16,
9/27/2016,11:00 AM,9/27/2016 11:00 AM,Northbound,451,10,
9/27/2016,12:00 PM,9/27/2016 12:00 PM,Northbound,451,15,
9/27/2016,01:00 PM,9/27/2016 01:00 PM,Northbound,451,13,
9/27/2016,02:00 PM,9/27/2016 02:00 PM,Northbound,451,13,
9/27/2016,03:00 PM,9/27/2016 03:00 PM,Northbound,451,26,
9/27/2016,04:00 PM,9/27/2016 04:00 PM,Northbound,451,36,
9/27/2016,05:00 PM,9/27/2016 05:00 PM,Northbound,451,43,
9/27/2016,06:00 PM,9/27/2016 06:00 PM,Northbound,451,29,
9/27/2016,07:00 PM,9/27/2016 07:00 PM,Northbound,451,30,
9/27/2016,08:00 PM,9/27/2016 08:00 PM,Northbound,451,24,
9/27/2016,09:00 PM,9/27/2016 09:00 PM,Northbound,451,17,
9/27/2016,10:00 PM,9/27/2016 10:00 PM,Northbound,451,10,
9/27/2016,11:00 PM,9/27/2016 11:00 PM,Northbound,451,3,
9/28/2016,12:00 AM,9/28/2016 12:00 AM,Northbound,451,3,
9/28/2016,01:00 AM,9/28/2016 01:00 AM,Northbound,451,3,
9/28/2016,02:00 AM,9/28/2016 02:00 AM,Northbound,451,0,
9/28/2016,03:00 AM,9/28/2016 03:00 AM,Northbound,451,1,
9/28/2016,04:00 AM,9/28/2016 04:00 AM,Northbound,451,2,
9/28/2016,05:00 AM,9/28/2016 05:00 AM,Northbound,451,7,
9/28/2016,06:00 AM,9/28/2016 06:00 AM,Northbound,451,18,
9/28/2016,07:00 AM,9/28/2016 07:00 AM,Northbound,451,26,
9/28/2016,08:00 AM,9/28/2016 08:00 AM,Northbound,451,48,
9/28/2016,09:00 AM,9/28/2016 09:00 AM,Northbound,451,20,
9/28/2016,10:00 AM,9/28/2016 10:00 AM,Northbound,451,15,
9/28/2016,11:00 AM,9/28/2016 11:00 AM,Northbound,451,19,
9/28/2016,12:00 PM,9/28/2016 12:00 PM,Northbound,451,14,
9/28/2016,01:00 PM,9/28/2016 01:00 PM,Northbound,451,18,
9/28/2016,02:00 PM,9/28/2016 02:00 PM,Northbound,451,18,
9/28/2016,03:00 PM,9/28/2016 03:00 PM,Northbound,451,24,
9/28/2016,04:00 PM,9/28/2016 04:00 PM,Northbound,451,48,
9/28/2016,05:00 PM,9/28/2016 05:00 PM,Northbound,451,57,
9/28/2016,06:00 PM,9/28/2016 06:00 PM,Northbound,451,39,
9/28/2016,07:00 PM,9/28/2016 07:00 PM,Northbound,451,32,
9/28/2016,08:00 PM,9/28/2016 08:00 PM,Northbound,451,13,
9/28/2016,09:00 PM,9/28/2016 09:00 PM,Northbound,451,7,
9/28/2016,10:00 PM,9/28/2016 10:00 PM,Northbound,451,8,
9/28/2016,11:00 PM,9/28/2016 11:00 PM,Northbound,451,5,
9/29/2016,12:00 AM,9/29/2016 12:00 AM,Northbound,451,5,
9/29/2016,01:00 AM,9/29/2016 01:00 AM,Northbound,451,6,
9/29/2016,02:00 AM,9/29/2016 02:00 AM,Northbound,451,0,
9/29/2016,03:00 AM,9/29/2016 03:00 AM,Northbound,451,1,
9/29/2016,04:00 AM,9/29/2016 04:00 AM,Northbound,451,2,
9/29/2016,05:00 AM,9/29/2016 05:00 AM,Northbound,451,7,
9/29/2016,06:00 AM,9/29/2016 06:00 AM,Northbound,451,13,
9/29/2016,07:00 AM,9/29/2016 07:00 AM,Northbound,451,30,
9/29/2016,08:00 AM,9/29/2016 08:00 AM,Northbound,451,40,
9/29/2016,09:00 AM,9/29/2016 09:00 AM,Northbound,451,28,
9/29/2016,10:00 AM,9/29/2016 10:00 AM,Northbound,451,19,
9/29/2016,11:00 AM,9/29/2016 11:00 AM,Northbound,451,15,
9/29/2016,12:00 PM,9/29/2016 12:00 PM,Northbound,451,15,
9/29/2016,01:00 PM,9/29/2016 01:00 PM,Northbound,451,17,
9/29/2016,02:00 PM,9/29/2016 02:00 PM,Northbound,451,15,
9/29/2016,03:00 PM,9/29/2016 03:00 PM,Northbound,451,23,
9/29/2016,04:00 PM,9/29/2016 04:00 PM,Northbound,451,32,
9/29/2016,05:00 PM,9/29/2016 05:00 PM,Northbound,451,55,
9/29/2016,06:00 PM,9/29/2016 06:00 PM,Northbound,451,44,
9/29/2016,07:00 PM,9/29/2016 07:00 PM,Northbound,451,30,
9/29/2016,08:00 PM,9/29/2016 08:00 PM,Northbound,451,29,
9/29/2016,09:00 PM,9/29/2016 09:00 PM,Northbound,451,8,
9/29/2016,10:00 PM,9/29/2016 10:00 PM,Northbound,451,9,
9/29/2016,11:00 PM,9/29/2016 11:00 PM,Northbound,451,8,
10/4/2017,12:00 AM,10/4/2017 12:00 AM,Northbound,451,13,
10/4/2017,01:00 AM,10/4/2017 01:00 AM,Northbound,451,0,
10/4/2017,02:00 AM,10/4/2017 02:00 AM,Northbound,451,3,
10/4/2017,03:00 AM,10/4/2017 03:00 AM,Northbound,451,1,
10/4/2017,04:00 AM,10/4/2017 04:00 AM,Northbound,451,2,
10/4/2017,05:00 AM,10/4/2017 05:00 AM,Northbound,451,8,
10/4/2017,06:00 AM,10/4/2017 06:00 AM,Northbound,451,11,
10/4/2017,07:00 AM,10/4/2017 07:00 AM,Northbound,451,44,
10/4/2017,08:00 AM,10/4/2017 08:00 AM,Northbound,451,74,
10/4/2017,09:00 AM,10/4/2017 09:00 AM,Northbound,451,43,
10/4/2017,10:00 AM,10/4/2017 10:00 AM,Northbound,451,16,
10/4/2017,11:00 AM,10/4/2017 11:00 AM,Northbound,451,6,
10/4/2017,12:00 PM,10/4/2017 12:00 PM,Northbound,451,15,
10/4/2017,01:00 PM,10/4/2017 01:00 PM,Northbound,451,9,
10/4/2017,02:00 PM,10/4/2017 02:00 PM,Northbound,451,22,
10/4/2017,03:00 PM,10/4/2017 03:00 PM,Northbound,451,29,
10/4/2017,04:00 PM,10/4/2017 04:00 PM,Northbound,451,34,
10/4/2017,05:00 PM,10/4/2017 05:00 PM,Northbound,451,67,
10/4/2017,06:00 PM,10/4/2017 06:00 PM,Northbound,451,45,
10/4/2017,07:00 PM,10/4/2017 07:00 PM,Northbound,451,48,
10/4/2017,08:00 PM,10/4/2017 08:00 PM,Northbound,451,24,
10/4/2017,09:00 PM,10/4/2017 09:00 PM,Northbound,451,25,
10/4/2017,10:00 PM,10/4/2017 10:00 PM,Northbound,451,20,
10/4/2017,11:00 PM,10/4/2017 11:00 PM,Northbound,451,9,
10/5/2017,12:00 AM,10/5/2017 12:00 AM,Northbound,451,10,
10/5/2017,01:00 AM,10/5/2017 01:00 AM,Northbound,451,3,
10/5/2017,02:00 AM,10/5/2017 02:00 AM,Northbound,451,0,
10/5/2017,03:00 AM,10/5/2017 03:00 AM,Northbound,451,2,
10/5/2017,04:00 AM,10/5/2017 04:00 AM,Northbound,451,1,
10/5/2017,05:00 AM,10/5/2017 05:00 AM,Northbound,451,10,
10/5/2017,06:00 AM,10/5/2017 06:00 AM,Northbound,451,7,
10/5/2017,07:00 AM,10/5/2017 07:00 AM,Northbound,451,30,
10/5/2017,08:00 AM,10/5/2017 08:00 AM,Northbound,451,67,
10/5/2017,09:00 AM,10/5/2017 09:00 AM,Northbound,451,24,
10/5/2017,10:00 AM,10/5/2017 10:00 AM,Northbound,451,14,
10/5/2017,11:00 AM,10/5/2017 11:00 AM,Northbound,451,14,
10/5/2017,12:00 PM,10/5/2017 12:00 PM,Northbound,451,8,
10/5/2017,01:00 PM,10/5/2017 01:00 PM,Northbound,451,11,
10/5/2017,02:00 PM,10/5/2017 02:00 PM,Northbound,451,2,
10/5/2017,03:00 PM,10/5/2017 03:00 PM,Northbound,451,1,
10/5/2017,04:00 PM,10/5/2017 04:00 PM,Northbound,451,1,
10/5/2017,05:00 PM,10/5/2017 05:00 PM,Northbound,451,29,
10/5/2017,06:00 PM,10/5/2017 06:00 PM,Northbound,451,46,
10/5/2017,07:00 PM,10/5/2017 07:00 PM,Northbound,451,17,
10/5/2017,08:00 PM,10/5/2017 08:00 PM,Northbound,451,24,
10/5/2017,09:00 PM,10/5/2017 09:00 PM,Northbound,451,10,
10/5/2017,10:00 PM,10/5/2017 10:00 PM,Northbound,451,7,
10/5/2017,11:00 PM,10/5/2017 11:00 PM,Northbound,451,14,
9/27/2018,12:00 AM,9/27/2018 12:00 AM,Northbound,451,1,
9/27/2018,01:00 AM,9/27/2018 01:00 AM,Northbound,451,1,
9/27/2018,02:00 AM,9/27/2018 02:00 AM,Northbound,451,2,
9/27/2018,03:00 AM,9/27/2018 03:00 AM,Northbound,451,3,
9/27/2018,04:00 AM,9/27/2018 04:00 AM,Northbound,451,2,
9/27/2018,05:00 AM,9/27/2018 05:00 AM,Northbound,451,5,
9/27/2018,06:00 AM,9/27/2018 06:00 AM,Northbound,451,10,
9/27/2018,07:00 AM,9/27/2018 07:00 AM,Northbound,451,43,
9/27/2018,08:00 AM,9/27/2018 08:00 AM,Northbound,451,37,
9/27/2018,09:00 AM,9/27/2018 09:00 AM,Northbound,451,38,
9/27/2018,10:00 AM,9/27/2018 10:00 AM,Northbound,451,16,
9/27/2018,11:00 AM,9/27/2018 11:00 AM,Northbound,451,10,
9/27/2018,12:00 PM,9/27/2018 12:00 PM,Northbound,451,15,
9/27/2018,01:00 PM,9/27/2018 01:00 PM,Northbound,451,18,
9/27/2018,02:00 PM,9/27/2018 02:00 PM,Northbound,451,13,
9/27/2018,03:00 PM,9/27/2018 03:00 PM,Northbound,451,14,
9/27/2018,04:00 PM,9/27/2018 04:00 PM,Northbound,451,54,
9/27/2018,05:00 PM,9/27/2018 05:00 PM,Northbound,451,58,
9/27/2018,06:00 PM,9/27/2018 06:00 PM,Northbound,451,56,
9/27/2018,07:00 PM,9/27/2018 07:00 PM,Northbound,451,29,
9/27/2018,08:00 PM,9/27/2018 08:00 PM,Northbound,451,26,
9/27/2018,09:00 PM,9/27/2018 09:00 PM,Northbound,451,14,
9/27/2018,10:00 PM,9/27/2018 10:00 PM,Northbound,451,7,
9/27/2018,11:00 PM,9/27/2018 11:00 PM,Northbound,451,8,
9/28/2018,12:00 AM,9/28/2018 12:00 AM,Northbound,451,11,
9/28/2018,01:00 AM,9/28/2018 01:00 AM,Northbound,451,4,
9/28/2018,02:00 AM,9/28/2018 02:00 AM,Northbound,451,1,
9/28/2018,03:00 AM,9/28/2018 03:00 AM,Northbound,451,2,
9/28/2018,04:00 AM,9/28/2018 04:00 AM,Northbound,451,5,
9/28/2018,05:00 AM,9/28/2018 05:00 AM,Northbound,451,2,
9/28/2018,06:00 AM,9/28/2018 06:00 AM,Northbound,451,7,
9/28/2018,07:00 AM,9/28/2018 07:00 AM,Northbound,451,5,
9/28/2018,08:00 AM,9/28/2018 08:00 AM,Northbound,451,9,
9/28/2018,09:00 AM,9/28/2018 09:00 AM,Northbound,451,14,
9/28/2018,10:00 AM,9/28/2018 10:00 AM,Northbound,451,8,
9/28/2018,11:00 AM,9/28/2018 11:00 AM,Northbound,451,7,
9/28/2018,12:00 PM,9/28/2018 12:00 PM,Northbound,451,7,
9/28/2018,01:00 PM,9/28/2018 01:00 PM,Northbound,451,14,
9/28/2018,02:00 PM,9/28/2018 02:00 PM,Northbound,451,9,
9/28/2018,03:00 PM,9/28/2018 03:00 PM,Northbound,451,29,
9/28/2018,04:00 PM,9/28/2018 04:00 PM,Northbound,451,27,
9/28/2018,05:00 PM,9/28/2018 05:00 PM,Northbound,451,29,
9/28/2018,06:00 PM,9/28/2018 06:00 PM,Northbound,451,27,
9/28/2018,07:00 PM,9/28/2018 07:00 PM,Northbound,451,17,
9/28/2018,08:00 PM,9/28/2018 08:00 PM,Northbound,451,12,
9/28/2018,09:00 PM,9/28/2018 09:00 PM,Northbound,451,9,
9/28/2018,10:00 PM,9/28/2018 10:00 PM,Northbound,451,8,
9/28/2018,11:00 PM,9/28/2018 11:00 PM,Northbound,451,6,
9/27/2016,12:00 AM,9/27/2016 12:00 AM,Northbound,601,4,
9/27/2016,01:00 AM,9/27/2016 01:00 AM,Northbound,601,0,
9/27/2016,02:00 AM,9/27/2016 02:00 AM,Northbound,601,0,
9/27/2016,03:00 AM,9/27/2016 03:00 AM,Northbound,601,0,
9/27/2016,04:00 AM,9/27/2016 04:00 AM,Northbound,601,0,
9/27/2016,05:00 AM,9/27/2016 05:00 AM,Northbound,601,3,
9/27/2016,06:00 AM,9/27/2016 06:00 AM,Northbound,601,8,
9/27/2016,07:00 AM,9/27/2016 07:00 AM,Northbound,601,10,
9/27/2016,08:00 AM,9/27/2016 08:00 AM,Northbound,601,18,
9/27/2016,09:00 AM,9/27/2016 09:00 AM,Northbound,601,13,
9/27/2016,10:00 AM,9/27/2016 10:00 AM,Northbound,601,9,
9/27/2016,11:00 AM,9/27/2016 11:00 AM,Northbound,601,6,
9/27/2016,12:00 PM,9/27/2016 12:00 PM,Northbound,601,14,
9/27/2016,01:00 PM,9/27/2016 01:00 PM,Northbound,601,12,
9/27/2016,02:00 PM,9/27/2016 02:00 PM,Northbound,601,9,
9/27/2016,03:00 PM,9/27/2016 03:00 PM,Northbound,601,24,
9/27/2016,04:00 PM,9/27/2016 04:00 PM,Northbound,601,35,
9/27/2016,05:00 PM,9/27/2016 05:00 PM,Northbound,601,40,
9/27/2016,06:00 PM,9/27/2016 06:00 PM,Northbound,601,29,
9/27/2016,07:00 PM,9/27/2016 07:00 PM,Northbound,601,27,
9/27/2016,08:00 PM,9/27/2016 08:00 PM,Northbound,601,25,
9/27/2016,09:00 PM,9/27/2016 09:00 PM,Northbound,601,13,
9/27/2016,10:00 PM,9/27/2016 10:00 PM,Northbound,601,7,
9/27/2016,11:00 PM,9/27/2016 11:00 PM,Northbound,601,4,
9/28/2016,12:00 AM,9/28/2016 12:00 AM,Northbound,601,2,
9/28/2016,01:00 AM,9/28/2016 01:00 AM,Northbound,601,0,
9/28/2016,02:00 AM,9/28/2016 02:00 AM,Northbound,601,0,
9/28/2016,03:00 AM,9/28/2016 03:00 AM,Northbound,601,1,
9/28/2016,04:00 AM,9/28/2016 04:00 AM,Northbound,601,0,
9/28/2016,05:00 AM,9/28/2016 05:00 AM,Northbound,601,6,
9/28/2016,06:00 AM,9/28/2016 06:00 AM,Northbound,601,15,
9/28/2016,07:00 AM,9/28/2016 07:00 AM,Northbound,601,20,
9/28/2016,08:00 AM,9/28/2016 08:00 AM,Northbound,601,41,
9/28/2016,09:00 AM,9/28/2016 09:00 AM,Northbound,601,15,
9/28/2016,10:00 AM,9/28/2016 10:00 AM,Northbound,601,9,
9/28/2016,11:00 AM,9/28/2016 11:00 AM,Northbound,601,17,
9/28/2016,12:00 PM,9/28/2016 12:00 PM,Northbound,601,12,
9/28/2016,01:00 PM,9/28/2016 01:00 PM,Northbound,601,17,
9/28/2016,02:00 PM,9/28/2016 02:00 PM,Northbound,601,17,
9/28/2016,03:00 PM,9/28/2016 03:00 PM,Northbound,601,22,
9/28/2016,04:00 PM,9/28/2016 04:00 PM,Northbound,601,45,
9/28/2016,05:00 PM,9/28/2016 05:00 PM,Northbound,601,44,
9/28/2016,06:00 PM,9/28/2016 06:00 PM,Northbound,601,41,
9/28/2016,07:00 PM,9/28/2016 07:00 PM,Northbound,601,19,
9/28/2016,08:00 PM,9/28/2016 08:00 PM,Northbound,601,11,
9/28/2016,09:00 PM,9/28/2016 09:00 PM,Northbound,601,5,
9/28/2016,10:00 PM,9/28/2016 10:00 PM,Northbound,601,7,
9/28/2016,11:00 PM,9/28/2016 11:00 PM,Northbound,601,4,
9/29/2016,12:00 AM,9/29/2016 12:00 AM,Northbound,601,0,
9/29/2016,01:00 AM,9/29/2016 01:00 AM,Northbound,601,4,
9/29/2016,02:00 AM,9/29/2016 02:00 AM,Northbound,601,0,
9/29/2016,03:00 AM,9/29/2016 03:00 AM,Northbound,601,0,
9/29/2016,04:00 AM,9/29/2016 04:00 AM,Northbound,601,0,
9/29/2016,05:00 AM,9/29/2016 05:00 AM,Northbound,601,6,
9/29/2016,06:00 AM,9/29/2016 06:00 AM,Northbound,601,13,
9/29/2016,07:00 AM,9/29/2016 07:00 AM,Northbound,601,25,
9/29/2016,08:00 AM,9/29/2016 08:00 AM,Northbound,601,35,
9/29/2016,09:00 AM,9/29/2016 09:00 AM,Northbound,601,22,
9/29/2016,10:00 AM,9/29/2016 10:00 AM,Northbound,601,12,
9/29/2016,11:00 AM,9/29/2016 11:00 AM,Northbound,601,9,
9/29/2016,12:00 PM,9/29/2016 12:00 PM,Northbound,601,15,
9/29/2016,01:00 PM,9/29/2016 01:00 PM,Northbound,601,14,
9/29/2016,02:00 PM,9/29/2016 02:00 PM,Northbound,601,11,
9/29/2016,03:00 PM,9/29/2016 03:00 PM,Northbound,601,24,
9/29/2016,04:00 PM,9/29/2016 04:00 PM,Northbound,601,34,
9/29/2016,05:00 PM,9/29/2016 05:00 PM,Northbound,601,46,
9/29/2016,06:00 PM,9/29/2016 06:00 PM,Northbound,601,34,
9/29/2016,07:00 PM,9/29/2016 07:00 PM,Northbound,601,21,
9/29/2016,08:00 PM,9/29/2016 08:00 PM,Northbound,601,20,
9/29/2016,09:00 PM,9/29/2016 09:00 PM,Northbound,601,4,
9/29/2016,10:00 PM,9/29/2016 10:00 PM,Northbound,601,6,
9/29/2016,11:00 PM,9/29/2016 11:00 PM,Northbound,601,11,
10/4/2017,12:00 AM,10/4/2017 12:00 AM,Northbound,601,4,
10/4/2017,01:00 AM,10/4/2017 01:00 AM,Northbound,601,1,
10/4/2017,02:00 AM,10/4/2017 02:00 AM,Northbound,601,1,
10/4/2017,03:00 AM,10/4/2017 03:00 AM,Northbound,601,0,
10/4/2017,04:00 AM,10/4/2017 04:00 AM,Northbound,601,2,
10/4/2017,05:00 AM,10/4/2017 05:00 AM,Northbound,601,2,
10/4/2017,06:00 AM,10/4/2017 06:00 AM,Northbound,601,14,
10/4/2017,07:00 AM,10/4/2017 07:00 AM,Northbound,601,37,
10/4/2017,08:00 AM,10/4/2017 08:00 AM,Northbound,601,47,
10/4/2017,09:00 AM,10/4/2017 09:00 AM,Northbound,601,22,
10/4/2017,10:00 AM,10/4/2017 10:00 AM,Northbound,601,17,
10/4/2017,11:00 AM,10/4/2017 11:00 AM,Northbound,601,16,
10/4/2017,12:00 PM,10/4/2017 12:00 PM,Northbound,601,16,
10/4/2017,01:00 PM,10/4/2017 01:00 PM,Northbound,601,21,
10/4/2017,02:00 PM,10/4/2017 02:00 PM,Northbound,601,20,
10/4/2017,03:00 PM,10/4/2017 03:00 PM,Northbound,601,27,
10/4/2017,04:00 PM,10/4/2017 04:00 PM,Northbound,601,39,
10/4/2017,05:00 PM,10/4/2017 05:00 PM,Northbound,601,68,
10/4/2017,06:00 PM,10/4/2017 06:00 PM,Northbound,601,67,
10/4/2017,07:00 PM,10/4/2017 07:00 PM,Northbound,601,26,
10/4/2017,08:00 PM,10/4/2017 08:00 PM,Northbound,601,21,
10/4/2017,09:00 PM,10/4/2017 09:00 PM,Northbound,601,16,
10/4/2017,10:00 PM,10/4/2017 10:00 PM,Northbound,601,7,
10/4/2017,11:00 PM,10/4/2017 11:00 PM,Northbound,601,5,
10/5/2017,12:00 AM,10/5/2017 12:00 AM,Northbound,601,6,
10/5/2017,01:00 AM,10/5/2017 01:00 AM,Northbound,601,2,
10/5/2017,02:00 AM,10/5/2017 02:00 AM,Northbound,601,0,
10/5/2017,03:00 AM,10/5/2017 03:00 AM,Northbound,601,1,
10/5/2017,04:00 AM,10/5/2017 04:00 AM,Northbound,601,1,
10/5/2017,05:00 AM,10/5/2017 05:00 AM,Northbound,601,1,
10/5/2017,06:00 AM,10/5/2017 06:00 AM,Northbound,601,15,
10/5/2017,07:00 AM,10/5/2017 07:00 AM,Northbound,601,40,
10/5/2017,08:00 AM,10/5/2017 08:00 AM,Northbound,601,38,
10/5/2017,09:00 AM,10/5/2017 09:00 AM,Northbound,601,25,
10/5/2017,10:00 AM,10/5/2017 10:00 AM,Northbound,601,22,
10/5/2017,11:00 AM,10/5/2017 11:00 AM,Northbound,601,19,
10/5/2017,12:00 PM,10/5/2017 12:00 PM,Northbound,601,19,
10/5/2017,01:00 PM,10/5/2017 01:00 PM,Northbound,601,19,
10/5/2017,02:00 PM,10/5/2017 02:00 PM,Northbound,601,26,
10/5/2017,03:00 PM,10/5/2017 03:00 PM,Northbound,601,30,
10/5/2017,04:00 PM,10/5/2017 04:00 PM,Northbound,601,50,
10/5/2017,05:00 PM,10/5/2017 05:00 PM,Northbound,601,45,
10/5/2017,06:00 PM,10/5/2017 06:00 PM,Northbound,601,59,
10/5/2017,07:00 PM,10/5/2017 07:00 PM,Northbound,601,23,
10/5/2017,08:00 PM,10/5/2017 08:00 PM,Northbound,601,16,
10/5/2017,09:00 PM,10/5/2017 09:00 PM,Northbound,601,13,
10/5/2017,10:00 PM,10/5/2017 10:00 PM,Northbound,601,7,
10/5/2017,11:00 PM,10/5/2017 11:00 PM,Northbound,601,8,
9/27/2018,12:00 AM,9/27/2018 12:00 AM,Northbound,601,2,
9/27/2018,01:00 AM,9/27/2018 01:00 AM,Northbound,601,1,
9/27/2018,02:00 AM,9/27/2018 02:00 AM,Northbound,601,1,
9/27/2018,03:00 AM,9/27/2018 03:00 AM,Northbound,601,1,
9/27/2018,04:00 AM,9/27/2018 04:00 AM,Northbound,601,0,
9/27/2018,05:00 AM,9/27/2018 05:00 AM,Northbound,601,6,
9/27/2018,06:00 AM,9/27/2018 06:00 AM,Northbound,601,11,
9/27/2018,07:00 AM,9/27/2018 07:00 AM,Northbound,601,37,
9/27/2018,08:00 AM,9/27/2018 08:00 AM,Northbound,601,39,
9/27/2018,09:00 AM,9/27/2018 09:00 AM,Northbound,601,30,
9/27/2018,10:00 AM,9/27/2018 10:00 AM,Northbound,601,19,
9/27/2018,11:00 AM,9/27/2018 11:00 AM,Northbound,601,22,
9/27/2018,12:00 PM,9/27/2018 12:00 PM,Northbound,601,16,
9/27/2018,01:00 PM,9/27/2018 01:00 PM,Northbound,601,15,
9/27/2018,02:00 PM,9/27/2018 02:00 PM,Northbound,601,8,
9/27/2018,03:00 PM,9/27/2018 03:00 PM,Northbound,601,27,
9/27/2018,04:00 PM,9/27/2018 04:00 PM,Northbound,601,41,
9/27/2018,05:00 PM,9/27/2018 05:00 PM,Northbound,601,58,
9/27/2018,06:00 PM,9/27/2018 06:00 PM,Northbound,601,44,
9/27/2018,07:00 PM,9/27/2018 07:00 PM,Northbound,601,31,
9/27/2018,08:00 PM,9/27/2018 08:00 PM,Northbound,601,27,
9/27/2018,09:00 PM,9/27/2018 09:00 PM,Northbound,601,13,
9/27/2018,10:00 PM,9/27/2018 10:00 PM,Northbound,601,2,
9/27/2018,11:00 PM,9/27/2018 11:00 PM,Northbound,601,3,
9/28/2018,12:00 AM,9/28/2018 12:00 AM,Northbound,601,9,
9/28/2018,01:00 AM,9/28/2018 01:00 AM,Northbound,601,4,
9/28/2018,02:00 AM,9/28/2018 02:00 AM,Northbound,601,2,
9/28/2018,03:00 AM,9/28/2018 03:00 AM,Northbound,601,2,
9/28/2018,04:00 AM,9/28/2018 04:00 AM,Northbound,601,0,
9/28/2018,05:00 AM,9/28/2018 05:00 AM,Northbound,601,3,
9/28/2018,06:00 AM,9/28/2018 06:00 AM,Northbound,601,6,
9/28/2018,07:00 AM,9/28/2018 07:00 AM,Northbound,601,6,
9/28/2018,08:00 AM,9/28/2018 08:00 AM,Northbound,601,10,
9/28/2018,09:00 AM,9/28/2018 09:00 AM,Northbound,601,10,
9/28/2018,10:00 AM,9/28/2018 10:00 AM,Northbound,601,14,
9/28/2018,11:00 AM,9/28/2018 11:00 AM,Northbound,601,6,
9/28/2018,12:00 PM,9/28/2018 12:00 PM,Northbound,601,6,
9/28/2018,01:00 PM,9/28/2018 01:00 PM,Northbound,601,13,
9/28/2018,02:00 PM,9/28/2018 02:00 PM,Northbound,601,7,
9/28/2018,03:00 PM,9/28/2018 03:00 PM,Northbound,601,27,
9/28/2018,04:00 PM,9/28/2018 04:00 PM,Northbound,601,24,
9/28/2018,05:00 PM,9/28/2018 05:00 PM,Northbound,601,33,
9/28/2018,06:00 PM,9/28/2018 06:00 PM,Northbound,601,29,
9/28/2018,07:00 PM,9/28/2018 07:00 PM,Northbound,601,15,
9/28/2018,08:00 PM,9/28/2018 08:00 PM,Northbound,601,11,
9/28/2018,09:00 PM,9/28/2018 09:00 PM,Northbound,601,7,
9/28/2018,10:00 PM,9/28/2018 10:00 PM,Northbound,601,4,
9/28/2018,11:00 PM,9/28/2018 11:00 PM,Northbound,601,5,
9/27/2016,12:00 AM,9/27/2016 12:00 AM,Northbound,"1,071",1,
9/27/2016,01:00 AM,9/27/2016 01:00 AM,Northbound,"1,071",0,
9/27/2016,02:00 AM,9/27/2016 02:00 AM,Northbound,"1,071",0,
9/27/2016,03:00 AM,9/27/2016 03:00 AM,Northbound,"1,071",0,
9/27/2016,04:00 AM,9/27/2016 04:00 AM,Northbound,"1,071",2,
9/27/2016,05:00 AM,9/27/2016 05:00 AM,Northbound,"1,071",6,
9/27/2016,06:00 AM,9/27/2016 06:00 AM,Northbound,"1,071",3,
9/27/2016,07:00 AM,9/27/2016 07:00 AM,Northbound,"1,071",6,
9/27/2016,08:00 AM,9/27/2016 08:00 AM,Northbound,"1,071",11,
9/27/2016,09:00 AM,9/27/2016 09:00 AM,Northbound,"1,071",11,
9/27/2016,10:00 AM,9/27/2016 10:00 AM,Northbound,"1,071",11,
9/27/2016,11:00 AM,9/27/2016 11:00 AM,Northbound,"1,071",5,
9/27/2016,12:00 PM,9/27/2016 12:00 PM,Northbound,"1,071",5,
9/27/2016,01:00 PM,9/27/2016 01:00 PM,Northbound,"1,071",8,
9/27/2016,02:00 PM,9/27/2016 02:00 PM,Northbound,"1,071",6,
9/27/2016,03:00 PM,9/27/2016 03:00 PM,Northbound,"1,071",6,
9/27/2016,04:00 PM,9/27/2016 04:00 PM,Northbound,"1,071",6,
9/27/2016,05:00 PM,9/27/2016 05:00 PM,Northbound,"1,071",9,
9/27/2016,06:00 PM,9/27/2016 06:00 PM,Northbound,"1,071",4,
9/27/2016,07:00 PM,9/27/2016 07:00 PM,Northbound,"1,071",6,
9/27/2016,08:00 PM,9/27/2016 08:00 PM,Northbound,"1,071",0,
9/27/2016,09:00 PM,9/27/2016 09:00 PM,Northbound,"1,071",7,
9/27/2016,10:00 PM,9/27/2016 10:00 PM,Northbound,"1,071",3,
9/27/2016,11:00 PM,9/27/2016 11:00 PM,Northbound,"1,071",0,
9/28/2016,12:00 AM,9/28/2016 12:00 AM,Northbound,"1,071",0,
9/28/2016,01:00 AM,9/28/2016 01:00 AM,Northbound,"1,071",0,
9/28/2016,02:00 AM,9/28/2016 02:00 AM,Northbound,"1,071",0,
9/28/2016,03:00 AM,9/28/2016 03:00 AM,Northbound,"1,071",0,
9/28/2016,04:00 AM,9/28/2016 04:00 AM,Northbound,"1,071",0,
9/28/2016,05:00 AM,9/28/2016 05:00 AM,Northbound,"1,071",8,
9/28/2016,06:00 AM,9/28/2016 06:00 AM,Northbound,"1,071",9,
9/28/2016,07:00 AM,9/28/2016 07:00 AM,Northbound,"1,071",17,
9/28/2016,08:00 AM,9/28/2016 08:00 AM,Northbound,"1,071",29,
9/28/2016,09:00 AM,9/28/2016 09:00 AM,Northbound,"1,071",12,
9/28/2016,10:00 AM,9/28/2016 10:00 AM,Northbound,"1,071",6,
9/28/2016,11:00 AM,9/28/2016 11:00 AM,Northbound,"1,071",9,
9/28/2016,12:00 PM,9/28/2016 12:00 PM,Northbound,"1,071",3,
9/28/2016,01:00 PM,9/28/2016 01:00 PM,Northbound,"1,071",3,
9/28/2016,02:00 PM,9/28/2016 02:00 PM,Northbound,"1,071",8,
9/28/2016,03:00 PM,9/28/2016 03:00 PM,Northbound,"1,071",9,
9/28/2016,04:00 PM,9/28/2016 04:00 PM,Northbound,"1,071",11,
9/28/2016,05:00 PM,9/28/2016 05:00 PM,Northbound,"1,071",9,
9/28/2016,06:00 PM,9/28/2016 06:00 PM,Northbound,"1,071",4,
9/28/2016,07:00 PM,9/28/2016 07:00 PM,Northbound,"1,071",3,
9/28/2016,08:00 PM,9/28/2016 08:00 PM,Northbound,"1,071",4,
9/28/2016,09:00 PM,9/28/2016 09:00 PM,Northbound,"1,071",1,
9/28/2016,10:00 PM,9/28/2016 10:00 PM,Northbound,"1,071",1,
9/28/2016,11:00 PM,9/28/2016 11:00 PM,Northbound,"1,071",2,
9/29/2016,12:00 AM,9/29/2016 12:00 AM,Northbound,"1,071",2,
9/29/2016,01:00 AM,9/29/2016 01:00 AM,Northbound,"1,071",1,
9/29/2016,02:00 AM,9/29/2016 02:00 AM,Northbound,"1,071",0,
9/29/2016,03:00 AM,9/29/2016 03:00 AM,Northbound,"1,071",0,
9/29/2016,04:00 AM,9/29/2016 04:00 AM,Northbound,"1,071",2,
9/29/2016,05:00 AM,9/29/2016 05:00 AM,Northbound,"1,071",2,
9/29/2016,06:00 AM,9/29/2016 06:00 AM,Northbound,"1,071",6,
9/29/2016,07:00 AM,9/29/2016 07:00 AM,Northbound,"1,071",17,
9/29/2016,08:00 AM,9/29/2016 08:00 AM,Northbound,"1,071",28,
9/29/2016,09:00 AM,9/29/2016 09:00 AM,Northbound,"1,071",15,
9/29/2016,10:00 AM,9/29/2016 10:00 AM,Northbound,"1,071",10,
9/29/2016,11:00 AM,9/29/2016 11:00 AM,Northbound,"1,071",7,
9/29/2016,12:00 PM,9/29/2016 12:00 PM,Northbound,"1,071",9,
9/29/2016,01:00 PM,9/29/2016 01:00 PM,Northbound,"1,071",7,
9/29/2016,02:00 PM,9/29/2016 02:00 PM,Northbound,"1,071",7,
9/29/2016,03:00 PM,9/29/2016 03:00 PM,Northbound,"1,071",3,
9/29/2016,04:00 PM,9/29/2016 04:00 PM,Northbound,"1,071",4,
9/29/2016,05:00 PM,9/29/2016 05:00 PM,Northbound,"1,071",9,
9/29/2016,06:00 PM,9/29/2016 06:00 PM,Northbound,"1,071",13,
9/29/2016,07:00 PM,9/29/2016 07:00 PM,Northbound,"1,071",4,
9/29/2016,08:00 PM,9/29/2016 08:00 PM,Northbound,"1,071",7,
9/29/2016,09:00 PM,9/29/2016 09:00 PM,Northbound,"1,071",2,
9/29/2016,10:00 PM,9/29/2016 10:00 PM,Northbound,"1,071",0,
9/29/2016,11:00 PM,9/29/2016 11:00 PM,Northbound,"1,071",2,
10/4/2017,12:00 AM,10/4/2017 12:00 AM,Northbound,"1,071",2,
10/4/2017,01:00 AM,10/4/2017 01:00 AM,Northbound,"1,071",0,
10/4/2017,02:00 AM,10/4/2017 02:00 AM,Northbound,"1,071",0,
10/4/2017,03:00 AM,10/4/2017 03:00 AM,Northbound,"1,071",0,
10/4/2017,04:00 AM,10/4/2017 04:00 AM,Northbound,"1,071",0,
10/4/2017,05:00 AM,10/4/2017 05:00 AM,Northbound,"1,071",5,
10/4/2017,06:00 AM,10/4/2017 06:00 AM,Northbound,"1,071",8,
10/4/2017,07:00 AM,10/4/2017 07:00 AM,Northbound,"1,071",19,
10/4/2017,08:00 AM,10/4/2017 08:00 AM,Northbound,"1,071",31,
10/4/2017,09:00 AM,10/4/2017 09:00 AM,Northbound,"1,071",8,
10/4/2017,10:00 AM,10/4/2017 10:00 AM,Northbound,"1,071",9,
10/4/2017,11:00 AM,10/4/2017 11:00 AM,Northbound,"1,071",9,
10/4/2017,12:00 PM,10/4/2017 12:00 PM,Northbound,"1,071",4,
10/4/2017,01:00 PM,10/4/2017 01:00 PM,Northbound,"1,071",16,
10/4/2017,02:00 PM,10/4/2017 02:00 PM,Northbound,"1,071",6,
10/4/2017,03:00 PM,10/4/2017 03:00 PM,Northbound,"1,071",11,
10/4/2017,04:00 PM,10/4/2017 04:00 PM,Northbound,"1,071",9,
10/4/2017,05:00 PM,10/4/2017 05:00 PM,Northbound,"1,071",18,
10/4/2017,06:00 PM,10/4/2017 06:00 PM,Northbound,"1,071",7,
10/4/2017,07:00 PM,10/4/2017 07:00 PM,Northbound,"1,071",5,
10/4/2017,08:00 PM,10/4/2017 08:00 PM,Northbound,"1,071",3,
10/4/2017,09:00 PM,10/4/2017 09:00 PM,Northbound,"1,071",1,
10/4/2017,10:00 PM,10/4/2017 10:00 PM,Northbound,"1,071",0,
10/4/2017,11:00 PM,10/4/2017 11:00 PM,Northbound,"1,071",2,
10/5/2017,12:00 AM,10/5/2017 12:00 AM,Northbound,"1,071",2,
10/5/2017,01:00 AM,10/5/2017 01:00 AM,Northbound,"1,071",2,
10/5/2017,02:00 AM,10/5/2017 02:00 AM,Northbound,"1,071",0,
10/5/2017,03:00 AM,10/5/2017 03:00 AM,Northbound,"1,071",1,
10/5/2017,04:00 AM,10/5/2017 04:00 AM,Northbound,"1,071",3,
10/5/2017,05:00 AM,10/5/2017 05:00 AM,Northbound,"1,071",5,
10/5/2017,06:00 AM,10/5/2017 06:00 AM,Northbound,"1,071",12,
10/5/2017,07:00 AM,10/5/2017 07:00 AM,Northbound,"1,071",9,
10/5/2017,08:00 AM,10/5/2017 08:00 AM,Northbound,"1,071",20,
10/5/2017,09:00 AM,10/5/2017 09:00 AM,Northbound,"1,071",20,
10/5/2017,10:00 AM,10/5/2017 10:00 AM,Northbound,"1,071",10,
10/5/2017,11:00 AM,10/5/2017 11:00 AM,Northbound,"1,071",6,
10/5/2017,12:00 PM,10/5/2017 12:00 PM,Northbound,"1,071",6,
10/5/2017,01:00 PM,10/5/2017 01:00 PM,Northbound,"1,071",6,
10/5/2017,02:00 PM,10/5/2017 02:00 PM,Northbound,"1,071",10,
10/5/2017,03:00 PM,10/5/2017 03:00 PM,Northbound,"1,071",3,
10/5/2017,04:00 PM,10/5/2017 04:00 PM,Northbound,"1,071",12,
10/5/2017,05:00 PM,10/5/2017 05:00 PM,Northbound,"1,071",9,
10/5/2017,06:00 PM,10/5/2017 06:00 PM,Northbound,"1,071",5,
10/5/2017,07:00 PM,10/5/2017 07:00 PM,Northbound,"1,071",7,
10/5/2017,08:00 PM,10/5/2017 08:00 PM,Northbound,"1,071",4,
10/5/2017,09:00 PM,10/5/2017 09:00 PM,Northbound,"1,071",0,
10/5/2017,10:00 PM,10/5/2017 10:00 PM,Northbound,"1,071",0,
10/5/2017,11:00 PM,10/5/2017 11:00 PM,Northbound,"1,071",1,
9/27/2018,12:00 AM,9/27/2018 12:00 AM,Northbound,"1,071",1,
9/27/2018,01:00 AM,9/27/2018 01:00 AM,Northbound,"1,071",0,
9/27/2018,02:00 AM,9/27/2018 02:00 AM,Northbound,"1,071",0,
9/27/2018,03:00 AM,9/27/2018 03:00 AM,Northbound,"1,071",0,
9/27/2018,04:00 AM,9/27/2018 04:00 AM,Northbound,"1,071",1,
9/27/2018,05:00 AM,9/27/2018 05:00 AM,Northbound,"1,071",6,
9/27/2018,06:00 AM,9/27/2018 06:00 AM,Northbound,"1,071",12,
9/27/2018,07:00 AM,9/27/2018 07:00 AM,Northbound,"1,071",17,
9/27/2018,08:00 AM,9/27/2018 08:00 AM,Northbound,"1,071",23,
9/27/2018,09:00 AM,9/27/2018 09:00 AM,Northbound,"1,071",18,
9/27/2018,10:00 AM,9/27/2018 10:00 AM,Northbound,"1,071",8,
9/27/2018,11:00 AM,9/27/2018 11:00 AM,Northbound,"1,071",15,
9/27/2018,12:00 PM,9/27/2018 12:00 PM,Northbound,"1,071",8,
9/27/2018,01:00 PM,9/27/2018 01:00 PM,Northbound,"1,071",11,
9/27/2018,02:00 PM,9/27/2018 02:00 PM,Northbound,"1,071",7,
9/27/2018,03:00 PM,9/27/2018 03:00 PM,Northbound,"1,071",8,
9/27/2018,04:00 PM,9/27/2018 04:00 PM,Northbound,"1,071",5,
9/27/2018,05:00 PM,9/27/2018 05:00 PM,Northbound,"1,071",11,
9/27/2018,06:00 PM,9/27/2018 06:00 PM,Northbound,"1,071",5,
9/27/2018,07:00 PM,9/27/2018 07:00 PM,Northbound,"1,071",8,
9/27/2018,08:00 PM,9/27/2018 08:00 PM,Northbound,"1,071",3,
9/27/2018,09:00 PM,9/27/2018 09:00 PM,Northbound,"1,071",8,
9/27/2018,10:00 PM,9/27/2018 10:00 PM,Northbound,"1,071",6,
9/27/2018,11:00 PM,9/27/2018 11:00 PM,Northbound,"1,071",3,
9/28/2018,12:00 AM,9/28/2018 12:00 AM,Northbound,"1,071",1,
9/28/2018,01:00 AM,9/28/2018 01:00 AM,Northbound,"1,071",0,
9/28/2018,02:00 AM,9/28/2018 02:00 AM,Northbound,"1,071",1,
9/28/2018,03:00 AM,9/28/2018 03:00 AM,Northbound,"1,071",0,
9/28/2018,04:00 AM,9/28/2018 04:00 AM,Northbound,"1,071",0,
9/28/2018,05:00 AM,9/28/2018 05:00 AM,Northbound,"1,071",7,
9/28/2018,06:00 AM,9/28/2018 06:00 AM,Northbound,"1,071",8,
9/28/2018,07:00 AM,9/28/2018 07:00 AM,Northbound,"1,071",2,
9/28/2018,08:00 AM,9/28/2018 08:00 AM,Northbound,"1,071",6,
9/28/2018,09:00 AM,9/28/2018 09:00 AM,Northbound,"1,071",8,
9/28/2018,10:00 AM,9/28/2018 10:00 AM,Northbound,"1,071",5,
9/28/2018,11:00 AM,9/28/2018 11:00 AM,Northbound,"1,071",1,
9/28/2018,12:00 PM,9/28/2018 12:00 PM,Northbound,"1,071",1,
9/28/2018,01:00 PM,9/28/2018 01:00 PM,Northbound,"1,071",3,
9/28/2018,02:00 PM,9/28/2018 02:00 PM,Northbound,"1,071",7,
9/28/2018,03:00 PM,9/28/2018 03:00 PM,Northbound,"1,071",6,
9/28/2018,04:00 PM,9/28/2018 04:00 PM,Northbound,"1,071",7,
9/28/2018,05:00 PM,9/28/2018 05:00 PM,Northbound,"1,071",8,
9/28/2018,06:00 PM,9/28/2018 06:00 PM,Northbound,"1,071",3,
9/28/2018,07:00 PM,9/28/2018 07:00 PM,Northbound,"1,071",6,
9/28/2018,08:00 PM,9/28/2018 08:00 PM,Northbound,"1,071",2,
9/28/2018,09:00 PM,9/28/2018 09:00 PM,Northbound,"1,071",4,
9/28/2018,10:00 PM,9/28/2018 10:00 PM,Northbound,"1,071",3,
9/28/2018,11:00 PM,9/28/2018 11:00 PM,Northbound,"1,071",0,